emails_sent_hour,cpu_usage,outbound_traffic_gb,domains_count,abuse_reports,failed_logins_hour,requests_per_minute,uptime_days,abusive
10,8.188137369530487,9.771300970081377,1,0,8,110,376,0
74,19.09035080511943,3.8444845384181363,4,0,13,116,1365,0
172,37.710291012973535,2.7379450884731216,1,0,4,138,880,0
172,35.4651112500661,3.498121071810297,4,2,14,65,509,0
60,37.96475545132479,11.017578889658267,2,0,7,19,1241,0
87,33.315533011326025,7.739973506929551,1,0,7,215,1374,0
20,23.015815633484667,10.073290426365661,3,0,3,180,457,0
77,42.567124793589194,0.3227545694531596,2,0,12,58,155,0
128,44.477459342003954,5.542138604069041,2,0,19,149,1316,0
107,7.984417588469619,11.07057049187298,1,0,14,44,261,0
198,14.924113758474313,13.441649396793862,3,0,14,230,597,0
159,30.58826191310127,14.854315765764602,4,0,3,195,630,0
60,1.475687679948639,13.115978085783622,4,0,10,62,425,0
176,23.056128363532093,1.9871725054231897,4,0,7,123,68,0
151,36.23599639382901,13.038027058390481,2,0,13,225,425,0
198,3.1023800459818363,0.18524187997527292,1,0,8,156,1225,0
125,34.32045104412203,4.1238711449131795,2,1,11,26,1294,0
138,17.427539085400596,0.26620335094627445,3,0,1,67,706,0
4,3.7469784002223347,7.963805915126267,3,0,6,278,1010,0
137,37.73767705055376,1.8136629587386577,1,0,7,299,846,0
69,33.510133793853434,2.9214770492987556,3,0,3,83,456,0
147,44.321339440548975,10.497175792631605,3,0,8,236,844,0
63,36.96143373738242,10.836737648622497,2,1,3,241,816,0
150,3.745339018324198,0.6916969928264836,4,0,6,234,749,0
16420,73.90203059513951,44.84829219733479,16,12,2542,2393,94,1
191,9.400769743152313,5.431833263758844,2,0,14,191,1496,0
13,6.665195244194441,7.0196033041776245,4,0,3,170,985,0
32,25.34833234898996,14.950580841226728,1,0,13,76,165,0
10202,88.43567958340087,138.53801872046205,49,4,4223,16332,92,1
139,23.310624456503604,4.506717235842908,4,0,12,83,1327,0
17,23.14718574667078,12.16414644551229,2,0,9,204,622,0
174,9.989920869554693,9.246304580615092,3,0,18,38,1157,0
16089,93.62521732014987,34.40493882134392,19,7,2471,4355,16,1
24067,88.33572744012035,209.44013060015922,8,14,3689,14194,133,1
36,7.454585016667988,9.895920474944226,2,0,1,183,1471,0
7,12.477366822331913,5.5452271213337765,2,0,1,127,762,0
48,19.93509964231919,3.4288469194514133,3,0,10,198,1031,0
67,35.32369704433845,7.587691437854668,2,0,2,89,1251,0
20071,77.80643821906895,211.50077125741998,16,9,1651,15190,16,1
49,43.5599323762931,13.894249387469069,3,0,1,258,1057,0
61,24.67732444175178,2.327678728858373,2,0,8,98,955,0
50,7.924349667396058,11.440547768430344,4,0,8,298,1113,0
21,24.720160320384384,2.5212263905691774,4,0,12,128,212,0
7,4.452055917953453,2.9823636973778687,3,0,9,255,1376,0
153,39.93362517862419,3.9007996140788324,2,0,16,52,276,0
182,8.248159427566716,1.795060690961712,2,0,12,62,1337,0
68,34.27966640871991,11.528486696713465,3,0,15,63,1458,0
4355,89.99026347000374,193.98463468720564,45,4,119,16626,60,1
68,32.67985931560764,13.392469033797111,3,1,15,264,1467,0
91,29.114372966824522,13.69222136779404,3,0,8,103,564,0
22878,73.17306388786656,212.257731620072,35,9,218,6123,47,1
1258,89.63762670618152,292.8269512062806,7,5,343,13561,135,1
182,7.283829396806164,5.5297070033315086,3,0,3,235,786,0
189,42.611464771405075,8.598771147976208,2,0,11,135,453,0
103,18.244064769531995,9.810028943688561,2,0,11,256,1392,0
153,16.02909702938899,10.769792889100426,3,0,15,33,649,0
48,43.84721818771458,3.3799257385431476,2,0,3,164,416,0
184,13.158040772497559,10.549270797116924,1,0,7,44,404,0
186,28.07851431211676,12.707175864771166,4,0,2,86,18,0
197,38.03136833188206,10.189199579751138,1,1,15,158,1214,0
156,32.55952253809328,4.0540090234931245,4,0,19,127,359,0
97,30.477953597805595,8.522805503314332,1,0,2,46,1366,0
32,19.04104661663669,1.821794812661448,4,0,14,15,1345,0
178,36.51951257035502,6.658148677415259,2,0,6,278,888,0
129,15.616405457086604,9.782972433368368,2,0,4,275,1135,0
94,23.824905273047214,5.667248195153808,1,0,13,64,417,0
153,15.837349577876573,8.117385188823407,3,0,3,174,655,0
42,37.84879086322608,2.253276836213559,4,0,15,111,465,0
120,20.450913377195302,2.585889692870437,1,0,2,102,683,0
6116,78.26325368324908,269.8949721974962,27,14,327,14369,189,1
123,15.842546789213682,10.82010644656938,4,0,3,52,345,0
13,31.677212804024016,6.613506765171016,2,0,11,192,603,0
171,9.295786652967049,1.851603011901955,3,0,7,20,749,0
119,23.115774675725742,7.555339569727414,3,0,14,46,800,0
112,29.959032269093232,9.313359974977317,1,0,10,208,1267,0
61,4.877914962974426,7.008769506020352,3,1,4,142,52,0
91,33.63222388078586,5.609093382003063,1,0,16,199,1038,0
108,3.473411840234653,7.522445731742111,2,0,12,265,1204,0
1,32.592623837588064,10.971139073606604,4,0,15,33,986,0
164,32.92059941180716,6.645618757687154,1,0,17,134,560,0
118,6.96757110432179,12.000441826862401,4,0,19,144,1144,0
32,36.843502465140354,4.517873408256691,4,0,17,115,131,0
172,39.64310858022325,2.786322946173045,1,0,16,138,894,0
152,25.352758153233395,9.59793614289674,2,0,17,62,444,0
29,26.79436194635351,8.171133678102553,1,0,1,127,356,0
128,8.157075864641346,2.2319127917179773,4,0,12,291,521,0
59,34.011693613309056,11.69774137772782,3,0,19,166,1361,0
74,12.816735367960273,12.040145668226703,4,0,7,146,431,0
6092,73.4595152250388,42.96501324572498,30,12,2689,1573,95,1
43,4.930955700842141,6.5401834248165285,1,0,3,117,1475,0
83,25.23038396657096,10.319231936782229,2,0,5,207,906,0
113,33.999023131891114,6.8893462411410695,4,0,7,146,1471,0
35,3.4897688704554874,5.387201279116807,1,0,12,76,748,0
186,25.15040326787439,0.6306210390653381,3,0,19,123,926,0
116,42.31901309581283,4.813993570076475,2,0,6,173,791,0
13671,94.62414696118437,210.2031837843461,20,7,4452,6861,52,1
128,44.18086670661633,3.6117380035275706,1,0,4,203,102,0
70,16.81464838055595,2.015801185873489,2,0,2,242,885,0
180,19.294104555026166,9.095951643180433,4,0,1,78,621,0
190,23.60959642509778,8.405628695585117,4,0,3,16,649,0
11,5.330664320460224,7.9533569838505285,2,0,4,209,359,0
139,19.76598887864189,1.7010529249841098,2,0,7,56,286,0
77,36.89279674754932,14.344693686249848,4,0,1,99,529,0
194,37.651742096332015,10.916934811992373,1,0,17,103,146,0
51,8.474764266232354,3.1724204669365053,4,0,13,223,116,0
92,39.60868205279721,6.7812768311374,1,0,13,140,744,0
45,8.59105058563993,0.5222280107124312,2,0,11,156,392,0
28,6.524190755532992,4.912383127120739,4,0,14,90,813,0
13492,82.63599069679145,106.58383312142931,46,5,2128,17037,103,1
29,22.053607084716322,7.615873491756674,1,0,17,278,886,0
124,22.00631233713556,6.2300228832309354,1,0,2,221,250,0
83,19.463604843499656,5.791502677397895,4,0,0,183,320,0
46,26.254907701396643,9.742677460791665,2,0,9,15,41,0
116,43.6767671151884,11.579135627322792,1,0,12,139,68,0
199,15.615590970716232,14.511476781443198,3,1,17,87,163,0
106,42.09745160974813,9.896664026775635,1,0,14,216,1155,0
98,43.918056178128786,7.570129805142814,4,0,6,199,419,0
107,9.978833096050426,0.3932799091830643,2,0,19,201,1427,0
97,1.398383109536323,9.409451440909006,1,0,13,231,389,0
107,11.046575104218878,2.6286080634131497,2,0,2,98,561,0
92,34.72720191375159,1.2917389936716466,3,0,16,194,1110,0
132,44.574621366920525,2.0420767811791714,4,0,2,220,638,0
15045,95.35365834750287,123.22794290161585,26,6,761,4506,187,1
117,1.6648701054369015,13.806076918545088,4,0,14,284,177,0
160,40.56695240472491,8.008183975583322,3,0,2,242,547,0
12905,99.70739000150427,144.25273121878416,43,6,2939,12421,44,1
38,3.7256468174754684,6.157860337791815,1,0,2,132,1000,0
4838,72.01157820847716,269.78970845295646,22,10,4304,18504,197,1
4,23.027259422692964,12.752070495028809,2,1,16,215,1492,0
148,25.064282606897464,8.208580031493055,3,0,14,219,612,0
152,39.69635851452326,0.8438450363843485,4,0,14,230,469,0
30,13.722614715982642,10.73732730284615,1,0,10,36,854,0
168,43.04857655972553,10.142620428940818,3,0,15,105,692,0
186,34.27516682258711,6.534471015449242,2,0,1,255,1013,0
25,7.887285390292614,8.530688093606075,3,0,14,257,300,0
51,29.078155710715848,7.181865350826073,4,0,9,100,488,0
181,14.344365146879593,2.9895245221821387,1,0,14,255,1367,0
0,20.187101129649754,11.277239191347913,2,0,12,228,1169,0
13,36.5698525113224,9.329731599890485,1,0,8,87,1345,0
91,19.600060023333018,11.7150220591766,2,0,19,100,682,0
80,16.672533512300696,1.4571577817127672,4,0,0,265,764,0
58,24.913314857652637,4.322625649101848,4,0,16,223,1116,0
3496,80.30069092986629,258.62402675313507,39,6,4171,4460,148,1
146,43.903835467137974,10.145570686648623,4,0,19,142,293,0
192,8.411384249804271,8.495710059811493,3,0,18,79,809,0
119,8.854870727994342,3.195464167881637,3,0,2,158,256,0
69,7.349729922249187,8.52810874753335,3,0,18,98,1371,0
83,22.305378131296234,13.943833655100752,1,1,17,68,274,0
38,41.04862946236664,14.034745371546038,4,0,2,136,441,0
15,6.886238379734593,0.28147954770646744,2,0,0,202,322,0
194,39.36417469634224,7.487710142463232,1,0,15,60,944,0
101,19.91257533057211,2.1677606732781984,4,0,2,116,1186,0
4579,95.2999846436378,95.74547564104331,8,5,4500,3378,51,1
18669,71.79469351052681,234.7015335892143,15,3,1926,8094,37,1
124,38.13069409416088,13.365508100991452,3,0,11,47,488,0
102,21.958772265248346,1.272595360411446,3,0,17,202,19,0
125,42.19176882332623,10.233634506655832,2,0,11,206,986,0
113,30.78008191972207,13.604677745325128,3,0,2,168,766,0
83,40.67177409739985,0.1365733380132789,3,0,16,124,408,0
89,13.655840077921841,14.932705799924976,2,0,16,158,309,0
163,40.51002951214085,10.379450449369076,3,0,17,73,274,0
126,36.36251188260131,1.9116515080495509,2,0,5,269,1090,0
117,13.391105852647797,4.650661128286995,2,0,2,62,1333,0
34,20.45270952590768,14.672102013699696,2,0,12,213,988,0
95,4.00754081363818,11.825939410779894,1,0,10,261,422,0
147,2.8076240580444325,8.400282396990365,4,0,7,54,277,0
135,36.43892189402308,2.3329557034096196,4,0,10,15,502,0
81,7.159444575757567,12.787118294778509,4,0,14,297,1125,0
23,12.365218881614057,7.453155424681988,4,0,13,157,407,0
61,7.475183048177595,0.2378625842949451,2,0,17,100,542,0
136,26.027760403090404,1.36714995746046,3,0,6,52,201,0
157,18.94223351387116,4.181331572385565,1,0,9,274,948,0
96,13.281740714067865,3.52642508947541,2,0,8,249,516,0
115,20.66246458881931,4.112129322147593,4,0,3,120,712,0
146,29.781840429226442,13.049576123998454,4,0,5,88,543,0
6,33.70752740508055,6.538545916676827,3,0,16,261,996,0
29,39.154694644049364,8.220625394286714,4,0,0,23,243,0
61,21.671390143741988,7.646867895450187,4,0,2,234,878,0
59,40.39522792273945,7.767109632390227,2,0,13,194,1059,0
8,43.076842786587896,3.417473604879102,1,0,10,113,298,0
12226,75.10461254593292,109.339411384404,26,1,3232,2571,99,1
118,35.350769383551665,6.103054726453799,1,0,0,181,271,0
147,11.866291347643271,2.5545367324270885,3,0,6,79,1474,0
14,25.731202953713126,9.796745980618837,4,0,5,188,142,0
151,13.58994186816583,2.184792760682212,2,0,9,243,967,0
105,6.048646166880443,3.0517524941922023,2,0,8,112,983,0
27,23.96055851342833,2.087380425902368,4,0,12,210,124,0
146,17.076141028228722,12.483795529094412,1,0,13,17,46,0
33,38.17433930123008,7.407770686944792,2,0,1,263,512,0
174,23.39133908307473,4.631913291833429,4,0,17,60,339,0
144,14.306458496255601,13.065930688334408,3,0,16,102,1363,0
153,20.441563156006815,4.938784073611309,4,0,4,228,563,0
30,3.2911858737358686,7.682256145999086,1,0,7,57,100,0
7611,93.53030551424789,182.088200223654,35,11,3793,15945,98,1
8,39.88209457827155,13.161311970641778,1,0,7,152,1367,0
8,26.6631052617525,12.072772474713773,3,0,16,260,263,0
189,43.305662281260936,10.191828993542302,3,0,1,38,656,0
16,29.179680055703127,7.745808372547828,2,0,19,291,1439,0
164,30.121853737460242,12.545158661296236,4,0,15,240,699,0
88,8.167716797005339,3.7365454205395867,1,0,12,142,805,0
183,44.9651211535114,13.44740297688174,3,0,17,223,947,0
177,7.690136966677639,9.167716738292215,4,0,16,207,574,0
128,9.106940669197666,0.6878340985481024,4,0,1,201,1395,0
173,24.837454077404676,5.089368569884819,1,0,18,216,648,0
113,11.954983563100061,13.24251797151471,1,0,2,58,1109,0
107,41.59638614255717,1.1768484642691373,2,0,12,137,1271,0
79,18.599252804917015,2.160305362399348,1,0,7,234,913,0
90,42.874905881183636,12.30807290925303,4,0,18,89,1359,0
142,19.316536855951608,14.200002598204973,4,0,6,38,799,0
154,29.909341922300722,6.031498955719839,2,0,11,23,1182,0
159,44.07368365760512,4.971966586316815,1,0,0,247,1232,0
7,19.17959075713966,6.765253157326198,1,0,0,196,1451,0
81,10.929241654290422,10.571464869773026,2,0,8,54,1286,0
168,33.25905663801918,9.724677813569471,1,0,19,44,444,0
3,3.066434585937361,6.714358800893442,4,0,15,229,798,0
33,30.099077873567875,0.37350029324921274,3,0,1,217,218,0
20061,82.35242331449861,183.60490359651925,21,3,3355,6475,180,1
169,6.626139253786373,1.0774513976809401,2,0,8,105,948,0
186,12.052448202596558,14.15142727850054,1,0,6,94,831,0
197,28.95823170192403,5.065301934205841,3,0,5,21,699,0
132,25.223393946233926,3.8765112321279425,2,0,4,32,1425,0
19,7.213835908418576,12.261794992755723,1,0,7,154,797,0
14106,96.6065651495403,270.3094231387124,36,6,798,14887,192,1
40,16.913307660581882,13.425113110447857,2,0,6,266,830,0
107,16.612601643899158,14.144884681363967,2,0,10,56,88,0
106,39.38536078761186,11.11295754033454,2,0,14,134,647,0
72,5.950137743171797,6.769595702716321,1,0,5,118,593,0
163,29.48305391241601,14.745879332141296,1,0,9,266,1084,0
160,3.4717474032873166,5.42694859356583,1,0,15,25,1026,0
152,36.28096741192346,0.1392191181358639,1,0,6,85,286,0
132,11.092094189657583,7.518250789663355,1,0,8,139,1471,0
135,35.94192071621998,14.135419038939494,2,0,3,136,1499,0
10,31.70464256222748,7.587959340158145,4,1,2,204,160,0
9190,72.61695273516675,237.96233783376454,36,2,868,3340,139,1
159,5.483296438409219,0.27552015667096597,4,0,6,150,602,0
84,39.541052976193015,14.182250859403936,1,0,4,72,1148,0
20,38.51187637452202,9.182571155087116,2,0,19,161,1347,0
181,4.619982268190723,7.261655621854893,3,1,8,132,1242,0
156,41.08930206124613,3.8156992411387924,4,0,5,21,314,0
21556,74.7123725314103,133.17623071821575,25,14,3181,5237,104,1
2,42.03241465044973,14.120390238857627,3,0,13,61,403,0
143,13.60686015279341,10.831992066816195,1,0,9,198,612,0
153,43.063122588347184,13.053167607819592,4,0,19,39,1,0
58,25.918206727327412,7.31477467982088,3,0,6,241,257,0
85,31.510573634477595,3.421955127510529,1,1,15,110,1483,0
198,7.0883501677044904,10.210355387130594,3,0,11,20,1345,0
56,27.508643500119724,1.6996806649149496,4,0,12,83,91,0
10,25.30411006395831,8.540010907790736,3,0,11,243,144,0
58,8.42977238829738,8.208283727535107,4,0,7,96,112,0
14610,71.6795230548202,199.1974322611533,29,10,2122,15026,7,1
18748,80.04500906740826,89.74770591687167,18,12,747,8112,57,1
99,14.341160525425696,6.100712311017795,4,0,7,166,696,0
141,1.9928385150352783,9.918247629627666,1,0,16,198,487,0
172,35.51384082136308,13.80969581850717,2,0,5,57,1035,0
193,26.595747208832975,4.8927708237817304,2,0,15,279,73,0
80,1.3026303376645698,5.060958679739362,3,0,0,63,459,0
75,34.007076650002446,12.533367801886275,4,0,3,40,1207,0
122,8.926980500235247,5.70148179350907,3,0,12,121,526,0
91,24.837482427772784,9.818733688562176,2,0,10,182,490,0
8,39.84825192682378,4.791133215590157,4,0,8,271,1386,0
58,31.45022433374877,9.709104225587263,3,1,9,21,907,0
177,2.604286236327212,7.7021724555240185,1,0,5,153,330,0
49,9.578163945939744,14.162454449198574,2,0,1,166,1165,0
40,15.490136209230188,4.390272447754084,3,0,18,126,363,0
153,19.222207001489313,0.5320514906056254,3,0,1,118,1256,0
75,38.22946526333019,2.256188478434147,3,0,18,59,277,0
117,12.335807945595283,5.578104886280714,3,0,3,206,565,0
1,11.50507792778506,10.1234328113565,4,0,16,103,1285,0
148,34.533703299814285,10.25473784531109,1,0,17,88,1179,0
95,33.23875822597234,4.3501407003708215,3,0,6,276,256,0
82,16.07638644699095,10.605442934660148,3,0,9,155,812,0
89,14.016260289847587,4.323571124034779,2,0,13,191,989,0
13868,76.47525707572164,23.73868166719019,22,2,1471,2113,140,1
116,9.18997950114731,1.4294103040528552,4,0,19,70,557,0
62,11.998807198228505,14.189882198460054,1,0,10,162,888,0
25,31.90554372754634,7.718306619065915,1,0,3,65,749,0
53,26.15073657724953,8.656973741657746,2,0,10,295,98,0
148,16.842635684951944,12.435889726021058,1,0,4,77,77,0
83,1.3738054587172184,12.054103363818944,4,0,8,57,382,0
36,4.488332523772437,0.9610441355959759,1,0,8,216,889,0
3177,83.3198656773336,26.22777373371203,12,1,4585,8930,194,1
16920,80.0406385760919,173.19566652448933,20,1,1088,13348,139,1
163,17.375623230863475,6.6672486572756355,1,0,6,257,1345,0
139,12.378030009930498,7.855755951258566,2,0,4,25,1440,0
45,23.603145629473413,7.92787117911052,3,0,14,84,890,0
62,21.431410994814236,1.8291965448300769,2,0,15,295,309,0
154,13.140598552744061,2.675018766701139,1,0,0,55,474,0
50,5.502615899498778,14.395649976543357,3,0,6,283,470,0
191,4.103568054090088,7.476333590253315,4,0,3,28,321,0
188,34.63154900320281,9.752771875262574,1,0,12,51,599,0
33,37.160561649755806,2.13192946493893,2,0,3,267,1160,0
89,24.53117651637247,13.099736296552232,4,0,14,39,888,0
2,33.49602634946639,3.541030802521292,4,1,3,135,558,0
188,23.1043600787722,10.391445488537572,2,0,0,62,1472,0
49,15.560249694328588,1.3356145723949182,2,0,3,50,388,0
75,8.369607920140739,3.528258928676378,4,0,19,170,1120,0
116,19.512408753019137,0.5913564608706418,2,0,6,298,130,0
171,37.703220761171416,11.110981741028034,3,0,4,145,395,0
15,21.278224351864687,13.670202009798393,4,0,12,42,1040,0
191,35.92799657195374,13.324689770061251,2,0,0,27,438,0
34,39.34221750439759,10.064423491302223,3,0,6,130,1362,0
157,27.27483346357328,5.80773360892495,2,0,4,63,791,0
62,15.904250054074982,6.196242439972572,2,0,8,105,1343,0
111,7.663021832278385,8.387922270984014,2,0,18,134,1263,0
157,44.63147109029404,4.840810621679677,2,0,6,154,624,0
23321,70.7264441659579,165.39140603971293,29,12,614,7046,51,1
6183,87.05915131109711,252.9961923051163,16,12,3600,6995,83,1
37,27.12212327598426,13.340775773508032,3,0,6,230,382,0
159,20.472002651848804,11.310897574858938,1,1,17,289,1436,0
178,23.545284112212688,0.3813250907858965,1,0,4,36,146,0
105,1.7466416898805242,10.450608770994668,3,0,0,155,646,0
45,19.07592140496682,12.753365255942162,2,0,3,201,1397,0
148,41.182106196287904,5.000904695339793,2,0,7,124,760,0
13652,86.30448181985136,231.68129687383356,47,2,2331,10604,141,1
15,33.65994125910062,10.477957033805648,2,0,4,91,723,0
145,27.920564884541744,2.0757994621274847,4,0,10,115,1076,0
137,16.971244977770354,4.13654742637838,3,0,3,138,1347,0
168,21.415358367376754,11.416349880905775,2,0,2,155,1449,0
9567,99.19165046452075,204.4228409691572,21,12,2987,5667,25,1
20,9.954488766603005,11.869034799958168,4,0,10,43,118,0
11433,95.47337999363972,227.6972768205811,32,1,3773,19710,62,1
150,44.528317584680934,12.269504664142953,4,0,5,24,1263,0
65,12.095606609803319,13.781078061079375,1,0,11,87,367,0
44,41.76975686160877,11.799522731901092,1,0,15,262,839,0
56,39.83263457798328,0.2938521800455035,4,0,0,140,528,0
191,8.093627726905392,14.524280293354208,2,0,14,236,485,0
105,21.255636417932383,8.18114836233559,3,0,1,230,534,0
92,12.643941184715723,14.108679537465697,4,0,5,199,912,0
20,33.89668028085902,12.833021017224484,1,0,1,47,152,0
134,24.497588981004892,1.0713727525518966,3,0,4,195,855,0
12,15.682985133327715,10.656325971738845,4,0,8,55,617,0
59,9.07145664175112,0.5592868186206168,3,0,13,80,362,0
195,39.088381600400204,9.452736162651025,3,0,10,183,356,0
32,42.115053705151425,13.72730808480404,2,0,10,240,78,0
136,40.9448946108755,11.874872568731236,4,0,2,220,1288,0
42,6.275208112799332,1.3754333370592482,2,0,7,42,524,0
104,32.88232462129567,7.347235258524518,2,0,0,168,178,0
170,34.541315478042236,2.7589150440657844,3,0,6,111,1473,0
108,30.78966385480845,3.1805250215295637,3,0,10,108,499,0
108,39.08474485957695,7.330682684941954,2,0,16,238,109,0
164,40.92837975924272,8.32151132751286,1,0,6,70,1424,0
73,2.7405302887549783,5.539180832794091,3,0,2,238,910,0
127,23.63629842055534,6.562483172188173,3,0,9,255,1090,0
183,26.379548464083257,5.398767788937726,4,0,15,56,555,0
49,15.888186100709497,9.370287170186755,2,0,2,116,1116,0
145,10.319118594786119,0.7258859345402974,2,0,8,296,578,0
18327,74.83720147474041,144.02745236445983,9,11,3338,5191,11,1
131,37.51734210134751,7.025284668468762,1,0,8,86,973,0
3,25.010622627773138,10.28712323129685,1,0,11,73,1130,0
48,20.194825159714924,9.714638554321088,1,0,13,47,169,0
182,17.5361336363494,3.0154278048176026,3,0,16,295,1240,0
91,39.488871233514885,3.075954934923834,4,0,16,27,629,0
142,25.48945085409475,9.103466788205186,3,0,3,134,585,0
146,3.8162792507793206,10.07384281268105,3,0,6,10,107,0
12365,98.2050795717486,291.45293796661275,18,12,425,9892,88,1
163,10.433885251699241,6.626701484794937,1,0,3,249,568,0
167,41.62458492461317,2.1869619344481537,1,0,5,184,1336,0
27,1.0876539496390918,13.842385854705412,4,0,14,287,978,0
9,35.29873486265879,6.143728914806091,3,0,6,197,661,0
20,14.653573212600092,5.131890543390945,3,0,4,145,399,0
143,9.952800669894216,8.763230933549398,1,0,14,212,397,0
39,38.91439976664319,6.130117527504635,4,0,14,218,230,0
31,6.170080969344426,10.532794656373802,2,0,4,181,6,0
118,15.626774455672066,0.7541787430964949,2,1,3,296,278,0
121,16.634068932851058,12.841130387761858,1,0,7,227,1113,0
112,35.23133874912122,8.899785900304916,4,0,3,33,13,0
20,29.804630222102,8.095015031426442,2,0,3,49,902,0
31,29.525992327892205,14.059116108356127,1,0,14,70,1460,0
44,36.367415181272904,1.9969469933262027,3,0,17,13,889,0
16,10.470728102041964,6.865424306882282,1,0,8,110,1296,0
113,1.5641525784666563,7.026576859299721,3,0,11,240,667,0
75,4.878258709194854,12.846740724969768,4,0,15,161,755,0
11,17.814136892633048,8.350550647835583,4,0,8,109,1001,0
61,4.9494180246469135,7.376190203764586,3,0,16,290,261,0
51,2.756591432805054,6.037680229179307,4,0,16,98,668,0
142,21.711061681901246,6.073450566428979,1,0,5,294,1420,0
109,15.045913102592293,9.953429038074313,1,0,12,92,406,0
89,11.892629892315002,8.53135979603833,4,0,2,126,1092,0
94,7.443195290523909,8.88696263753934,1,0,8,179,509,0
28,20.557119031022808,7.68775423249284,4,0,4,160,936,0
49,33.75545538485236,3.210313647739576,4,0,9,194,1382,0
82,34.89926332286283,9.291572672299283,1,0,8,41,928,0
187,26.365511738154098,0.9666996049417783,3,0,1,119,1354,0
131,10.934740294627682,12.277163107914092,1,0,7,272,38,0
188,34.15277286902226,6.477488351350693,2,0,3,72,1294,0
56,2.0562219731751097,12.454808521253774,4,0,19,270,49,0
11494,99.98488337205633,220.25698304773505,38,7,839,16136,40,1
193,14.631502514188636,9.262054917047347,2,0,9,191,724,0
119,26.382772857693173,13.17458970179917,1,0,4,175,104,0
163,43.19036242037804,6.9597540175581045,1,0,6,260,1079,0
25,44.04170941516857,12.972643531153327,3,0,13,176,234,0
23955,75.42905689607225,209.3469824654447,39,1,3638,7584,37,1
85,2.9618760803023356,3.74736383353843,1,0,6,189,174,0
163,35.347795566724514,3.2395293096161026,1,1,4,126,213,0
102,3.719572270325796,5.457192853348052,3,0,4,156,1499,0
179,5.4826656221404875,0.4056126978738285,2,0,11,274,1396,0
122,19.44037680835175,13.985967680850143,1,0,19,220,961,0
2,40.44928497263645,12.212633240369662,2,0,19,72,399,0
97,4.946840436653215,14.14730281646862,4,0,8,235,1351,0
56,38.40584032614162,2.0699516900224655,3,0,19,215,948,0
138,40.5104444613027,3.1818729481874666,4,0,13,147,657,0
74,26.43517248854615,5.307329216390705,3,0,8,275,1427,0
108,2.3404021975942455,11.946585929599344,1,0,6,16,1474,0
165,3.6798439023480394,14.359177356169578,2,0,12,246,202,0
18,2.1369147776804924,10.509989003210478,3,0,3,61,451,0
20,33.1750259312845,1.5859204374151825,3,1,13,297,1203,0
3,5.866558350419077,10.46277804174699,4,0,1,151,1105,0
196,36.26361415380996,0.7008460718421654,3,0,8,190,168,0
66,15.83708932489309,3.7833704987092647,2,0,0,161,387,0
119,31.213858915861696,0.39653210772715963,3,0,10,206,279,0
154,21.57797334933459,12.083491200238905,3,0,13,202,368,0
197,11.486837267631866,0.7940411370894698,2,0,0,265,515,0
129,7.879934232374502,6.810709874281218,1,0,10,237,530,0
178,31.32965813251837,13.26191054522935,4,0,7,223,1346,0
49,22.344165039099767,12.0692381454187,3,0,16,26,402,0
45,33.48500246104554,12.18422317045418,4,0,15,198,1078,0
62,37.91588241959247,10.044491404954083,1,0,18,287,564,0
21587,78.4637362129985,143.8851445905851,32,14,2984,15591,106,1
37,16.408207070606288,6.186462094345872,2,0,7,27,194,0
57,26.51088512865002,11.4635231254665,4,0,10,65,329,0
5,11.632992516044148,8.603275957495034,1,0,6,78,119,0
194,12.10220074760479,4.8897909214222866,2,0,15,118,1060,0
124,17.203004725385856,9.603550470965212,2,0,9,149,1302,0
110,25.11838892003297,12.932360186179748,3,0,12,291,1349,0
144,28.954227255166124,10.503410257067644,4,0,18,227,518,0
20885,79.8930405151248,105.74972458563336,48,11,3727,14986,20,1
151,21.02756763628088,4.195945308030607,2,0,14,68,210,0
157,42.341017917107294,3.9481389325187366,3,0,5,138,406,0
2353,95.49025316030534,65.11736696547317,16,5,1831,6318,119,1
3,36.49326233317993,14.882173586729419,2,0,11,266,1143,0
57,6.544089226015748,0.8754829974663585,4,0,8,183,145,0
38,5.160479170073082,8.228881908099593,2,0,13,52,1106,0
173,28.33854746285112,10.3804689211828,1,0,12,245,327,0
118,20.926867858282513,1.8679699776241594,2,0,16,62,228,0
44,42.89074765211612,13.872879758287626,4,0,15,296,1009,0
1,2.2373462762286453,13.841239960597074,2,0,7,213,1175,0
144,41.684238809660016,1.165395062541367,4,0,18,105,1392,0
142,3.4087792194221853,11.444109877423097,4,0,15,10,1234,0
74,33.466939332722674,2.5857626037589165,2,0,19,115,1264,0
17,19.92628021226036,7.570807531070332,4,0,6,167,1294,0
28,9.29399352300469,8.658984396746852,2,0,7,179,906,0
145,23.39118444600646,3.914715478616545,2,0,1,25,189,0
117,30.976412863427086,12.544916433605621,4,0,17,297,1492,0
124,26.302665232187845,6.551298442611624,2,0,6,40,998,0
160,10.24471648814348,0.26970605451943663,3,0,10,240,929,0
157,26.393151625067887,13.086030642551084,2,0,17,78,1083,0
8,36.111913549645855,8.325070767205203,1,0,5,76,33,0
24028,92.19425668667333,286.6609571988346,10,12,4852,14376,59,1
86,26.648746499387578,7.875748200449463,4,0,1,108,884,0
52,9.59058653008565,7.243879174431508,2,0,9,97,1208,0
157,15.492687849291332,7.33163896730283,1,0,15,117,756,0
14,4.789973948157597,0.3289571359473773,4,0,18,113,263,0
85,7.181956431002762,10.751354015586097,1,0,12,190,347,0
175,30.02637200894087,2.5494509964933707,2,0,16,239,766,0
18640,83.26091016316511,297.5405014424715,10,2,2649,19867,95,1
16,25.892777826984727,13.218286352816712,1,0,11,177,27,0
117,24.428719946891484,14.007858474698368,3,0,8,55,250,0
71,16.0579230902718,13.629719657402251,4,0,1,37,602,0
142,12.01578410111764,14.183327440792398,1,0,0,71,644,0
94,18.2521173838012,1.51205021841545,4,1,12,191,287,0
45,30.75988698639986,9.106885835651045,4,0,19,82,557,0
5,9.123828123284245,3.8520390599360623,3,0,2,200,325,0
108,18.838604306122818,8.69809479153181,3,0,14,282,273,0
118,43.68514300241102,11.001523968406332,4,0,18,208,600,0
114,44.26699381022597,6.730778387507793,2,0,14,298,1472,0
108,1.9256237082606198,9.958958404691202,1,0,15,181,289,0
125,3.1695954328322857,0.11405133365960599,2,0,6,68,1181,0
6286,85.14734246325423,122.53226233695305,29,12,4487,3678,141,1
18917,81.06992837690319,32.491886429093306,33,7,2405,13582,100,1
2573,89.314564575536,290.13669738405565,25,11,4206,11865,129,1
53,21.879476755387394,8.741433509973154,2,0,10,49,442,0
59,21.559483824330115,1.585991487923848,1,0,19,176,1088,0
167,39.03506286220802,11.610586617261912,4,0,8,168,771,0
33,13.065367121462467,11.719298266784838,4,0,18,292,781,0
105,3.4915245246125535,8.028455894171355,2,0,19,21,56,0
50,7.346560929196555,9.63672707425784,3,0,8,287,125,0
41,38.12406687925133,12.334778956829178,2,0,15,234,597,0
59,31.374205263632074,13.43649417174959,2,0,5,215,721,0
159,8.721631604779724,6.70547277951321,2,0,16,210,980,0
129,18.95867439813472,6.319979430057291,1,0,16,148,850,0
22,24.476395076357495,13.262187640660587,4,0,15,289,1242,0
168,10.471838014576708,14.18330983841721,1,0,12,114,1025,0
71,3.623162315164997,4.9079872354595215,2,0,15,120,1341,0
133,35.004963670766145,14.590465784180166,2,1,1,294,464,0
70,28.241341602054636,2.7556731737825935,2,0,18,85,1230,0
9149,90.5583446360918,37.31719001627893,40,7,4232,5909,93,1
63,11.138333133163396,6.420357330615046,2,0,5,246,617,0
13,36.77824819719592,9.063072745057621,2,0,9,56,1126,0
130,5.659855393765335,10.744374674355656,3,0,15,143,576,0
135,39.044992561758164,6.819698889460321,3,0,4,108,1439,0
60,8.099963246436882,13.96940967621953,3,0,17,29,129,0
80,4.547077827462477,11.477867954528685,2,0,12,131,665,0
35,16.805184867238374,13.017421538174634,3,0,3,252,1189,0
168,8.424975289522099,14.642148478947504,1,0,10,131,1010,0
89,44.16918794618917,5.782991267556539,4,0,2,246,329,0
115,13.5655031145,0.2668696483099914,1,0,18,215,280,0
159,6.723549472473666,6.252376724879277,3,0,18,53,629,0
98,18.20544624160554,1.4048609884949497,4,0,3,197,6,0
119,26.32611086016361,5.058993580265912,1,0,19,108,336,0
66,41.27831286453495,7.478056724475327,4,0,19,79,6,0
106,4.811269477606537,9.30875911768666,2,0,0,213,215,0
64,40.53826406503468,7.0923059439915965,4,0,13,168,380,0
174,12.020587546869955,1.9638247565624127,3,0,5,12,750,0
86,21.714539868559118,12.229617482061542,3,0,11,92,816,0
127,37.4513015213156,10.331091307975155,1,0,9,67,1115,0
20,10.868913264541982,7.330308501793892,4,0,5,30,398,0
31,29.20248323634534,3.2996930858845257,1,0,9,150,1003,0
184,26.118606340936953,14.825105515633483,1,0,16,40,361,0
34,23.816714301292293,13.697504847079863,4,0,13,203,913,0
102,6.819823464333195,2.957424528575698,3,0,4,244,371,0
154,16.25562549438009,12.538497539441112,2,0,19,263,373,0
43,20.602783837699093,13.380111705933484,3,0,19,127,487,0
101,13.05547637667876,6.96844692396684,3,0,8,249,299,0
110,12.234800445582742,6.855222023501944,3,0,12,30,702,0
110,34.18692342601155,9.989641974339683,3,0,6,136,744,0
77,40.786704821932865,10.603175877696907,1,1,14,140,185,0
41,14.105813529169295,2.7168343369632346,1,0,7,99,977,0
153,15.76685998787308,13.715836387111668,2,0,12,167,34,0
57,32.521472926156356,9.2566611714976,4,0,13,238,22,0
107,38.81029784710095,2.968695740028278,2,0,6,265,259,0
146,2.707769703719293,12.45056696844058,2,0,1,136,468,0
48,4.4266755200167935,4.573383961966656,1,0,18,22,619,0
93,26.887497723258747,4.494473923477578,1,0,2,169,628,0
116,11.764822402607374,7.432538190579338,1,0,5,68,894,0
93,43.67203004388653,11.639713547212152,1,0,11,28,1449,0
32,35.72888532606617,12.583836575492226,3,0,11,95,719,0
133,6.389182341413078,4.183407690700261,3,0,13,58,1076,0
69,12.14075190856365,4.175192700862635,2,0,15,242,183,0
37,3.6295400638489146,9.17049904443034,1,0,17,147,1243,0
21748,96.60757863241959,136.48730026801198,14,9,3386,4630,59,1
117,30.16583065592529,0.2075772103553945,2,1,9,49,1262,0
165,39.98778878779472,14.343190119434459,4,0,12,131,269,0
38,9.57298163283602,4.568297526831493,2,0,7,159,1100,0
47,37.288702443268335,7.207179539134807,2,0,16,180,983,0
33,9.785468473788455,13.930430255149156,3,0,5,155,532,0
45,15.09314466985667,1.3046173444844844,3,0,9,225,1016,0
146,3.9592602145641855,8.69760398518932,1,0,3,129,1447,0
48,32.41414970604995,11.128225966094103,3,0,19,158,46,0
148,35.13859919666649,0.30978698291507106,1,1,5,114,418,0
24013,75.91678861075907,256.26828867826515,34,2,510,13167,189,1
159,44.17533340521618,1.7745063264377703,1,0,7,240,666,0
24,8.204074146683523,12.69983187171378,1,0,1,261,118,0
107,16.758147527282354,11.356015360482159,2,0,14,102,773,0
22646,75.50755093256002,84.77720138292793,30,8,3409,7029,182,1
30,30.199487713761183,10.651395285518502,1,0,11,246,458,0
155,44.381103419496384,6.8904636287264225,3,0,8,247,368,0
112,41.75249140224357,6.29409850633274,3,0,10,43,1399,0
141,28.280058673005968,11.9934956056614,1,0,8,135,1352,0
44,10.578791149718228,7.255977192417848,3,0,0,279,791,0
156,17.41739521058488,0.9512775182156166,2,0,15,20,844,0
96,44.976269966625615,13.55136311169172,1,0,14,89,1492,0
22,44.32479701399694,11.194594817150364,3,0,15,203,705,0
163,15.388297813828492,2.0874903946895675,3,0,15,248,1042,0
113,30.690597295366064,1.0426138101280547,2,0,4,299,1319,0
117,13.400300145000768,3.8675391835621262,4,0,15,67,65,0
143,16.608056496129358,3.2274033503444577,1,0,16,186,142,0
20702,78.66886742032717,285.5744619776528,15,12,1629,9996,12,1
8211,86.40072114552012,207.61331281430822,45,2,2964,5592,117,1
23084,88.52113565113612,256.1730928595175,23,2,3836,18678,132,1
115,4.60529131767843,13.080686990619734,2,0,0,109,249,0
97,20.493758971947077,0.34640315595399496,1,0,12,21,184,0
147,42.70568895916107,8.879254679444044,2,0,12,263,10,0
187,10.063480104292822,13.445203332988585,4,0,8,252,324,0
5,1.0415102717757678,4.2710662124094085,1,0,12,25,851,0
32,13.73533895125747,10.145462537563512,4,0,4,159,291,0
14589,83.68784990542683,65.02496696537834,27,11,536,4021,3,1
123,25.43301631443998,9.66772428827748,3,0,14,192,409,0
78,19.943576120173628,11.043856900803814,1,0,13,134,1071,0
6,13.932337462217085,9.089550928104515,2,0,19,188,122,0
103,16.16225021198676,9.45321775987776,3,1,12,137,1048,0
17830,84.34133783641144,253.79443715480022,41,8,2435,17471,178,1
183,19.06634267848373,10.094324323501855,2,0,16,59,261,0
173,37.244756324141186,0.7551774601596771,2,0,17,65,908,0
172,40.210164038914414,14.074515943813763,3,1,2,158,219,0
49,26.686002342620913,3.4902547663533037,1,0,13,247,530,0
1426,72.50532032519081,213.81532961680793,43,9,966,4621,91,1
59,3.2569293551734857,14.084815769831891,4,0,17,96,540,0
65,40.63344714783223,2.6299103293091157,2,0,7,65,767,0
190,44.52151404078427,13.127018747310396,3,0,8,44,500,0
47,39.77709200702003,13.996960345171482,3,1,17,156,476,0
16,2.2607068134167987,4.128710206128779,1,0,15,278,171,0
23381,74.93312516072699,207.77975725277187,40,10,2762,14869,111,1
114,10.955986920140193,1.0169912086090693,2,0,5,11,1370,0
3,38.42552868149038,6.661241431009459,3,0,3,215,972,0
165,25.897424653782853,2.1957347545816344,3,0,4,157,1227,0
106,44.47261433087855,7.131866749753885,3,0,11,197,266,0
13647,81.7978371719912,206.29271979901085,34,9,2643,3675,186,1
176,32.465500871943064,13.648049147484578,3,0,18,267,536,0
128,27.766058000341953,9.60758161436714,2,0,9,195,931,0
10854,92.73223875061367,115.65744240448753,8,8,3881,4362,20,1
183,17.335920502237325,7.979197750535819,1,0,2,76,952,0
109,9.35719000413268,4.333151823488751,4,0,15,116,1134,0
48,34.062625971377315,8.353731834434099,3,0,10,129,1334,0
7014,74.81851879598057,45.80559567552709,18,8,1876,12235,133,1
10476,82.37957615325556,293.8912095931954,23,2,2190,19725,14,1
74,30.807275134044957,14.392607986324949,3,0,4,246,302,0
151,3.193846441563227,4.490268655631256,1,0,10,81,1062,0
163,10.063121578586314,13.215751421897139,2,0,8,225,269,0
3,26.21385682723669,7.694875256893121,4,0,1,213,178,0
140,44.750533318171456,10.58864501918468,3,0,2,161,402,0
137,18.705875409169717,13.706768831031168,4,0,15,221,963,0
21,38.828903450142946,8.656628665830599,3,0,17,127,952,0
117,44.6463608785003,12.440370092510253,2,0,1,205,565,0
22722,76.67274045916447,278.57905861081747,31,5,1184,2531,20,1
9947,77.29095436972646,215.2406450165291,21,12,3989,1436,60,1
166,40.083976646506265,3.8939403131281427,1,0,15,222,973,0
146,27.701266043766122,3.5035451993954605,4,0,12,46,1212,0
76,26.46528495983997,5.935831488894252,3,0,19,193,1366,0
132,14.835100655701838,5.640715718463106,1,0,5,291,1080,0
7596,83.8746749395212,167.14937366895865,36,1,4971,5009,72,1
183,5.075521254260156,10.053489842437143,2,0,4,58,841,0
24587,72.49815005025391,228.52172313423492,40,12,713,13161,19,1
180,8.9545466247447,6.440782577681091,2,0,14,203,1346,0
134,38.618856860704874,13.200144630022201,3,0,17,264,1188,0
185,9.41620432564547,14.5503297000915,3,0,12,102,350,0
132,34.53733056582379,2.882321612050828,1,0,19,51,1154,0
145,22.17622985364643,1.1779909191572546,1,0,12,212,1470,0
143,36.10021958732142,9.984102903251744,2,0,2,149,902,0
149,4.036334074963918,10.342809228018924,3,0,0,224,889,0
14,44.082668424427084,13.50865219598461,3,0,13,88,678,0
168,12.272426635331618,3.8756318026346523,1,0,6,298,336,0
130,3.2890452212956633,5.428844188874779,3,0,2,114,1205,0
98,27.36929311013526,7.080072432597589,1,0,19,208,777,0
48,25.804432463597575,3.8849151215238846,4,0,6,22,174,0
7,29.229505974709348,3.668381847094935,4,0,6,225,46,0
1263,77.8353896217574,115.85138543375199,30,8,1879,19966,115,1
112,3.2506090472974956,10.105525928487458,4,0,5,237,224,0
1,18.23666782474024,5.150651899975038,3,0,19,93,907,0
109,29.40351168206298,6.6738964229726925,2,0,7,130,1094,0
92,28.11722138073186,10.012565259929971,2,0,7,146,1440,0
167,24.820474519927284,7.597966187026135,3,0,17,288,1497,0
95,32.026122405104786,0.5614619909954008,4,1,14,181,414,0
68,20.11374603629083,10.086784243060952,2,1,4,234,744,0
127,5.284576080752185,5.367877927644623,4,0,14,116,1088,0
197,22.518129619768462,4.5326407828907564,3,0,6,104,771,0
5,17.709067008449967,10.984668344992267,1,0,0,294,1455,0
72,18.28738479129988,13.532139181401162,2,0,6,92,286,0
187,22.40182156359184,8.604081751826467,1,0,9,52,90,0
13251,93.99330691465009,185.92368126750637,22,13,4273,17056,5,1
50,12.818353048242288,10.714671024246533,3,0,19,230,599,0
141,32.55598367005734,1.9121810711334044,3,0,10,20,1494,0
59,35.81767142975734,8.624287272877213,1,1,13,191,612,0
33,39.593300577140674,1.627764617878396,2,0,15,103,1480,0
197,15.351491181643155,4.011998427298003,1,0,6,130,1383,0
69,41.076265694537426,12.743956089760085,4,0,0,247,302,0
126,32.09935823326222,8.013530395907917,4,0,19,63,665,0
62,22.37896667234298,2.992875179616381,1,0,15,209,388,0
161,26.163490988193963,2.1806707201227957,4,0,13,139,967,0
160,11.44905649709933,12.25889918430082,1,0,8,280,200,0
2,11.86647814855075,12.342534297751051,1,0,9,292,860,0
100,4.454434211958834,5.587115569091506,4,0,0,132,1135,0
199,36.020761034314106,2.6584788357079536,4,0,1,173,19,0
11427,97.63065602075213,119.43803941926113,24,13,4090,19169,80,1
29,18.35709319690973,12.480745113245574,2,0,19,35,745,0
99,2.3967256764114993,11.903630080301152,3,0,6,254,1318,0
140,7.510166700813857,4.651118975572377,2,0,3,33,205,0
68,33.59886109576736,4.051195039441811,2,1,2,265,1252,0
140,20.460927439849954,5.1243103240173955,1,0,8,198,419,0
61,34.447080910767,4.281470140160085,4,0,5,82,615,0
156,30.765284978906593,5.87768849509327,4,0,16,95,428,0
178,43.49287723206889,2.0893817151570113,3,0,17,142,53,0
131,19.5956846685988,1.3800647842220253,1,0,14,60,1102,0
174,44.15349167310947,6.02839095341279,3,0,19,108,1112,0
117,12.967938635151667,14.71165847150434,4,0,10,150,520,0
27,15.71547119319658,7.106711371398439,3,0,8,118,548,0
148,32.25546603134262,7.20923353419568,1,0,13,124,1113,0
185,5.176389220153467,3.3950993906493316,3,0,5,11,1372,0
60,42.81228583890191,6.088290748543902,4,0,5,251,1178,0
124,27.226812968426184,6.261107342244239,1,0,0,55,462,0
179,32.800461098507405,3.4240412748358016,1,1,3,174,160,0
8,37.25144079148523,14.203801260383282,4,0,11,224,884,0
50,27.357961834616788,1.789467723733331,1,0,3,45,1273,0
0,10.870016589555155,13.924093042692201,2,0,5,112,1038,0
27,21.166238161853318,14.566480200603054,3,0,11,296,681,0
198,1.5820677678329353,10.654028331261758,2,0,10,257,989,0
27,12.86866849844575,5.904282550774684,2,0,8,184,472,0
2,26.8909745799519,9.134122515880527,4,0,11,250,11,0
23,27.2099122631073,7.201644799027052,4,0,12,242,1448,0
20,22.892907669103938,7.482341974253871,3,0,12,238,51,0
128,18.88435958989118,14.613065252083752,1,0,15,293,1076,0
2,10.30297535195209,2.2410049481998353,2,0,8,191,228,0
56,3.9487276610532387,6.777745620617646,3,0,6,187,76,0
184,33.04831759094442,11.653601767428169,1,0,7,46,1424,0
123,11.903747487903901,0.5529214806917394,3,0,19,297,210,0
17,24.3789579424108,3.64171152856281,1,0,15,174,79,0
140,15.11133525930893,0.22441108895516798,1,0,9,229,1130,0
134,23.21100632539924,14.425121909913942,4,0,6,263,818,0
24,15.908233226603524,7.810169039825938,2,0,16,250,693,0
54,22.207776380246152,1.1633685069517627,1,0,3,184,879,0
24495,93.54298633803919,268.9838602138181,34,12,2257,10682,140,1
104,6.962742436673178,7.48308674222651,4,0,11,299,504,0
2049,81.27085657741671,143.77874828643547,25,5,1341,15686,80,1
100,36.05398147642038,12.51011456381972,2,0,5,108,457,0
175,7.798916519582835,8.09568686805886,4,0,4,118,572,0
116,13.714615096526575,13.281657275804914,4,0,14,46,439,0
162,12.386865968039055,6.199239321147649,1,0,5,115,1396,0
189,22.253746692591157,6.193015812774413,2,0,14,99,326,0
195,18.630983340716533,7.428951795966274,3,0,2,53,646,0
191,34.7192773766047,2.0692104851228525,2,0,13,177,725,0
85,4.888937667318823,9.743612022628046,1,0,8,288,1171,0
8811,70.6843687562411,33.71972106082762,12,7,1391,4443,31,1
182,3.132426228936182,3.975728146929448,2,0,16,167,596,0
20,7.916970876505987,11.964872770918188,1,0,6,35,890,0
92,7.402681242643803,13.415364871448164,4,0,11,98,15,0
10305,89.573919490239,77.4956893032589,18,13,4288,18955,44,1
22740,82.86035199326027,148.97857605651961,6,6,1905,12412,107,1
11,25.22906020640883,13.498829574025315,2,0,18,167,358,0
186,11.928555456271209,14.571176687093866,2,0,18,296,1005,0
173,31.509637550877937,5.475747176073027,2,0,13,37,796,0
86,42.69286555825789,12.533658777593162,4,0,13,203,1312,0
82,34.82562395173105,3.4942312601215573,2,0,4,278,36,0
38,23.515127673046837,13.877301470537194,2,0,0,249,257,0
11,38.95618073056387,12.131421241213443,4,0,2,296,1034,0
185,4.100269817346165,11.432315921246852,2,0,0,288,596,0
24,31.94432237785902,2.847086746493438,1,0,17,297,189,0
25,17.4922966713999,7.4936702443998735,2,0,1,251,1338,0
165,43.02770706103783,10.792919236506865,1,0,5,49,891,0
11,32.12546800144882,4.011378203571507,4,0,19,149,87,0
7,31.892727981006875,1.4384037133240521,3,0,12,224,84,0
60,24.57031470006531,8.678217649434943,4,0,9,162,330,0
20,43.91075955249418,3.5553267143568315,3,0,10,48,1215,0
43,12.700851827813226,0.27173760938948033,1,0,14,265,921,0
65,9.172255168228167,13.477157515241187,2,0,0,211,381,0
178,36.99039375136276,13.740547514845376,3,0,8,159,472,0
31,5.294841676795631,11.877071390656521,3,0,15,51,1104,0
6661,93.389143228657,274.7608970817793,31,4,4175,13499,126,1
34,21.517174169352028,5.671686832696242,4,0,9,236,239,0
133,34.54766618169421,10.972208363343896,1,0,11,220,912,0
177,44.22923354645491,6.688096295420083,2,1,0,207,1107,0
187,26.40354965366538,0.5249483700958588,2,0,13,204,346,0
8661,75.4607044551373,49.53548273992345,25,10,3597,16523,100,1
36,8.468050857384618,13.43699043308704,1,0,1,25,138,0
174,4.200395518196646,9.637346909133933,3,0,7,113,841,0
71,23.012255549141454,13.67413392969038,1,0,7,29,574,0
19525,98.12453336119431,130.12715358093863,21,4,2416,15334,125,1
8236,95.62559487383275,70.25646197409074,39,11,4444,1798,17,1
188,24.564367854705594,11.544531738438131,4,0,9,250,900,0
3,2.3245703772980333,4.818596904652197,3,0,0,21,1209,0
122,17.542733764882122,8.370730761421001,3,0,10,255,824,0
98,41.513730772387724,5.057083677420783,3,0,19,142,1283,0
145,6.870318763021112,14.774586335092671,1,0,11,134,1035,0
162,14.762231525255578,10.240688084489632,4,0,19,167,247,0
102,38.59867918007298,10.173234474697471,4,0,5,133,873,0
80,42.114074961133454,10.590876462770797,4,0,1,223,250,0
4407,87.38555484666774,52.59612779711424,46,12,375,8512,51,1
110,5.406819890297745,12.327348161943648,1,0,17,222,1205,0
182,27.8266867067151,2.508401637390418,2,0,6,219,726,0
150,13.669595077743669,0.42759917838592176,3,0,14,283,1111,0
9,40.64227941038059,7.410142280883166,2,0,1,171,985,0
23365,96.39616511785277,242.20067302934058,11,14,3160,8058,91,1
175,18.325226228877895,7.262639441616903,3,0,14,64,573,0
112,17.552380625863375,4.439960581610481,1,0,18,122,111,0
10072,72.31039925993865,130.1289985469552,27,3,1852,7251,29,1
12882,98.56438585630573,184.94578255753993,15,12,599,11387,107,1
134,25.223993227279802,10.636097147771276,2,0,19,195,1265,0
151,22.608212092859265,4.233658348534589,4,1,7,263,1296,0
17,33.037123242791324,0.18390655994600058,4,0,18,47,325,0
185,11.895792295143302,8.419928715796306,2,0,12,131,1097,0
48,17.062092934474467,4.213519527434214,1,0,8,293,387,0
199,6.0004257026556544,4.432083601771041,1,0,5,185,1413,0
29,17.896839254458158,0.6961956449733527,1,0,11,69,837,0
148,42.62068433741181,12.948790254952002,1,0,4,128,196,0
148,18.298473697736668,8.955542835506277,4,0,18,114,879,0
10,19.06194340268469,6.7147799088681115,1,0,10,53,224,0
20,10.475808445602773,1.5716588658413937,2,0,19,107,360,0
7,39.459158025428145,9.858622458053091,3,0,12,280,1265,0
186,39.69052948985286,3.479872824649878,1,0,16,162,342,0
100,5.6486151997529515,9.280050926194244,3,0,10,42,1121,0
28,12.314703448800216,14.691001797568774,4,0,18,34,66,0
57,16.348603928179728,1.597902344508355,1,0,18,290,1027,0
127,38.13571276544909,7.516572797742755,3,0,17,88,870,0
156,39.108467996624725,8.829196624254207,2,0,13,75,286,0
73,44.24053980005698,8.601364928906635,4,0,13,17,497,0
187,31.642911509588718,4.5883462924292315,3,0,5,287,699,0
128,34.97977250085025,1.0778571305025317,3,0,12,252,342,0
40,1.4420671664125901,5.417641067977978,2,0,4,75,566,0
62,20.27985898292716,5.511517943371753,1,0,6,93,729,0
190,8.55453193903978,9.031515076211564,3,0,18,184,530,0
103,37.27141967897138,0.43531447868742834,1,0,14,24,492,0
28,17.396913715342478,1.450865118789141,4,0,11,295,76,0
192,28.647273172175552,12.52535734686945,1,0,7,232,1395,0
7,5.377765430410445,7.453286821642939,1,0,3,186,1070,0
125,2.6625182902099054,13.22984035937905,2,0,0,22,934,0
77,13.876824297365944,10.116288832029017,3,0,0,124,321,0
122,12.685854325523835,3.070316921275826,2,1,16,42,255,0
111,8.654403059746901,3.075951373657425,1,0,2,48,944,0
71,21.565042759708717,0.7307906939471321,3,0,12,151,109,0
5,22.29690519041378,3.218387646798786,1,0,13,79,1000,0
166,23.42794731267991,12.588572100876192,2,0,8,60,175,0
77,26.76585809039495,4.413518190283822,4,0,3,235,175,0
12,19.9995121847422,4.024117923071381,3,0,18,257,521,0
12,30.555189806738674,3.465633052710281,1,0,14,37,375,0
7282,98.99633171438613,72.714241353043,28,10,4496,11167,77,1
29,5.985354208008425,8.904649783125679,3,0,13,161,946,0
7761,91.492791599682,123.76231535191427,35,4,2836,3800,149,1
14,1.0263093087309936,4.425226791989929,4,0,4,81,789,0
50,33.09117093987184,3.886794473904435,3,0,14,157,311,0
190,12.249313826599835,4.584269961824219,3,0,19,157,888,0
22829,90.41313535620293,45.79272084851645,22,8,3454,19589,169,1
99,4.7016171394128445,9.844943857115531,3,0,1,149,1401,0
80,20.710752880816358,10.78977331808598,1,0,9,104,296,0
163,18.015110509935027,2.09622551457174,1,0,14,95,1480,0
75,39.95051066313287,14.225993899608065,2,0,9,52,687,0
58,26.81145240448116,14.881037944012851,4,1,19,157,637,0
46,32.22553911419908,11.54915894133682,2,0,4,230,642,0
126,35.376788485850454,9.004671998613842,3,0,17,238,1387,0
99,40.4914223669717,5.596349571182748,1,0,7,290,106,0
1648,81.04500274070408,284.9900805457708,5,3,399,15275,60,1
47,28.73087765607095,1.17621728925992,3,0,4,128,52,0
7098,79.8225987858838,166.8004347140876,25,1,776,17445,13,1
2,43.38785409962567,2.449149299273929,2,0,12,242,561,0
149,3.729822346088389,8.818312747814158,4,0,18,224,911,0
199,44.490523734393165,4.926043733447649,3,0,3,273,31,0
166,25.137890262406295,12.812277381836164,4,0,11,163,802,0
118,18.982780739921093,13.878737390378989,4,0,5,116,1320,0
48,35.712214370498145,14.301355170700763,4,0,3,111,1351,0
12,9.878977723108104,2.5122445897801406,4,0,14,58,1352,0
98,32.80492497160934,4.73452140534906,4,0,14,15,610,0
16544,80.3888368608519,42.04544491958882,16,10,3029,5627,183,1
198,1.9244029073998727,5.880487312957891,1,0,3,275,1181,0
112,22.003417517385657,7.475243641215669,1,0,4,183,732,0
10094,95.35560092829347,211.4625703589369,43,12,3784,11586,189,1
46,5.8172241070357344,2.8924281909582765,4,0,13,190,65,0
7988,83.12723405328487,170.67786325184133,5,6,1048,19599,146,1
82,42.49124249912997,13.566132194846688,4,0,3,65,707,0
63,10.701456134248968,3.2926499587228677,2,0,16,198,140,0
0,2.4275116260762264,11.592714833931065,1,0,7,69,624,0
129,19.8787442493173,10.196406613283953,1,0,11,14,1012,0
66,41.248970464017056,6.038301344044199,3,0,1,57,751,0
27,38.68916750206677,3.116686536218588,3,0,2,267,1028,0
74,42.6868319146309,1.9931383538293477,1,0,19,143,1079,0
59,22.690106752857844,6.121236731370061,4,0,2,148,497,0
110,32.62454318555533,6.445808010046559,3,0,15,102,879,0
1391,77.64201684778196,25.317553698286424,16,9,3491,7703,192,1
166,6.30120018729259,0.8131974237009956,4,0,15,51,1082,0
132,41.85644344734198,11.383704023860775,2,0,3,207,1204,0
8975,86.8115696255831,126.7601541288712,14,6,3754,1606,51,1
165,15.442256649846934,9.944838157326357,4,0,17,100,1069,0
100,43.87532966809292,13.42141361753791,2,0,19,137,1256,0
182,29.207788557615014,3.4823193601424673,4,0,6,249,774,0
10734,94.11519207401476,270.0691334556799,32,8,4124,18811,134,1
98,9.168455015654693,8.710368513469545,2,0,6,85,648,0
197,10.415765862725797,14.643451731875375,3,0,10,254,397,0
33,27.904398893929077,2.950208434778064,4,0,4,260,1270,0
5,3.540215005905157,12.171087352107373,3,0,6,288,823,0
3890,73.86808854680291,285.06305057202565,32,1,3428,11490,170,1
188,42.40366219327523,0.7640936066181993,4,0,11,189,1433,0
117,3.303275850977776,8.894775142369447,4,0,5,170,1235,0
21914,87.29176750599416,46.38318389977639,49,9,1377,15318,1,1
115,21.017834181047988,13.554716168757293,2,0,6,85,912,0
186,5.796599088200863,6.969400164657399,4,0,6,292,1096,0
1,23.304499270320722,1.511609830212228,1,0,14,44,1407,0
62,31.826905841355874,2.9020726405382264,3,0,1,76,1355,0
26,35.08471527089277,6.552895033671755,4,0,8,159,373,0
57,26.132764094368202,2.8422114188395566,4,0,17,214,648,0
1,30.924922959666798,10.159435299081853,2,1,13,225,207,0
121,24.80900829466917,7.279375078286247,3,0,12,40,532,0
149,16.42290350859112,1.6941697915018876,3,0,10,164,87,0
15,18.371520446643267,1.910516426111226,1,0,18,216,1105,0
51,11.699919131625942,9.227632843310559,2,0,5,253,917,0
129,2.4287139544369243,14.024915280894898,3,0,7,238,190,0
189,35.448639027333186,5.333133592613472,2,0,1,106,430,0
129,39.191103576159726,12.196739327505503,1,0,8,137,1395,0
6534,83.91046807677753,38.07640524852462,40,10,3155,6965,193,1
154,32.372628841916594,5.260816196316565,2,0,0,55,1133,0
16,34.29244817150555,14.903173249896051,2,0,6,128,417,0
176,20.757705788925538,3.0024276593945087,2,0,1,186,212,0
16,32.594999092837874,0.13189969824758083,4,0,17,276,26,0
150,20.267595034288142,5.69492946810873,4,0,17,16,1306,0
12797,97.06416594081955,222.18190791387073,24,7,2567,3422,100,1
34,35.93314587188146,7.1910042793506905,1,0,15,171,234,0
195,3.3473118675114986,4.255191701288377,2,0,15,133,1402,0
112,32.09171427466322,5.570827422855837,1,0,16,227,35,0
133,23.40098894825097,6.191770559703516,1,0,19,272,998,0
141,4.2157440051506105,12.844185519007782,3,0,2,193,83,0
38,6.972817536395647,13.12414656138654,3,0,3,199,1332,0
73,35.763662998743264,12.541046287269667,4,0,15,280,1412,0
149,42.10938102336957,7.4235619648942155,2,0,7,120,811,0
116,19.480484189009164,4.1907143126326245,3,0,14,99,369,0
136,38.16529999996987,14.356851446391639,2,0,10,12,215,0
144,43.48811491173922,2.1596580931015237,3,0,4,140,1358,0
168,33.07332480462692,10.807195736283914,2,0,12,46,1039,0
72,44.57254750573742,0.1748800001431478,1,0,19,151,909,0
120,17.128252244685953,3.0117965409114,2,0,8,139,900,0
189,2.481761770476417,1.6594434452276545,4,0,5,28,361,0
123,11.935752120806743,4.955763136565277,3,0,9,207,317,0
2613,80.64470140129978,281.18087042483756,31,8,2303,14368,166,1
155,26.589908865389233,14.841065973741301,3,0,10,25,355,0
177,6.7058750418663555,1.5746324887897318,1,0,2,136,711,0
9,18.733705347913816,1.5931491008528156,3,0,13,192,12,0
116,9.461894002511423,8.22590649679126,4,0,6,272,765,0
23055,71.83534293021408,277.217403099395,38,11,1191,7634,124,1
197,3.767928944793053,8.580209399768597,2,0,1,58,723,0
24,34.78164317943086,3.6778866447276464,4,0,1,104,906,0
66,11.823988573498987,13.839756750388215,4,0,0,206,1120,0
85,37.605427834274295,14.572332158568221,2,0,18,174,496,0
25,26.23678432117524,0.7466179608205566,4,0,14,115,211,0
127,24.94154408637644,3.5119090609746446,3,0,4,84,1208,0
46,10.480367920132121,10.677441957383659,2,0,2,244,947,0
7,2.6512609313993374,9.425290116344746,3,0,10,175,581,0
163,1.0287491934971804,1.9913472593452282,1,0,1,224,371,0
107,8.338642748081664,13.169608015530795,4,0,0,218,296,0
107,14.09311152339588,0.8710076470696071,4,0,6,137,264,0
171,26.656653320315513,10.811713474611375,2,0,1,151,877,0
3615,77.00114894391005,167.81259501965783,47,9,2240,9342,47,1
24,29.981099617349745,7.857764770638262,4,0,4,253,200,0
158,12.442113771107092,12.167705492560748,2,0,8,52,405,0
183,39.85172829251002,5.975683080624898,3,0,4,14,96,0
26,10.209467336705178,10.938219678304678,3,0,15,217,182,0
98,9.526721721027613,4.42817592357326,4,0,5,269,814,0
90,14.484392593884094,9.513445170426055,4,0,3,104,996,0
10,9.90093376296096,13.764767727059734,4,0,10,208,1114,0
171,22.350140053675673,5.952506130297704,4,0,9,67,1461,0
130,7.7383580036940725,9.393925427101568,3,0,10,288,1410,0
140,4.944698174369876,6.411428820498275,2,0,17,104,1073,0
142,23.46024577924342,9.952853063349863,4,0,15,119,1235,0
108,21.875939913159023,8.90951929568415,2,0,8,70,457,0
63,3.670055033830022,14.978547702427523,3,1,7,225,478,0
147,12.78206984258117,1.0392014222464474,1,0,5,14,725,0
171,28.44054624477171,10.837182730889353,4,0,8,34,710,0
4100,82.25966936085725,142.49734290405024,32,12,2547,15684,56,1
100,4.377354723104473,11.011129454642871,1,0,10,76,74,0
122,13.519820969785085,8.883114966089378,2,0,1,241,247,0
28,30.1950381321919,3.320423603432719,4,0,1,140,901,0
24893,96.37455979839268,64.03689324608874,31,11,4414,10449,25,1
34,23.163655121958076,7.924025732319436,1,0,16,240,131,0
45,8.028976250293546,4.609072047720142,4,0,14,131,378,0
4225,97.5345899129399,233.25168050662086,35,1,1038,11709,156,1
68,12.951859976072264,6.251307026607706,2,0,14,42,346,0
114,24.951175055910127,9.99547351532192,1,0,17,238,109,0
80,8.362137376046658,13.461523593625394,2,0,17,47,1419,0
52,29.045802939492074,13.769645206787068,2,0,8,277,946,0
38,42.4505616574982,1.7977845147236986,1,0,15,47,319,0
94,18.126140754438694,1.9161492599973486,1,0,14,190,259,0
92,8.315234535386828,6.333911731927746,2,0,9,196,878,0
187,44.055120609122184,5.587602468070072,4,0,6,291,296,0
108,10.028234287811507,8.268236214603059,1,0,5,12,873,0
174,36.13195422225238,10.21376215445439,1,0,5,131,881,0
141,40.86783066117546,6.283466599724238,2,0,18,213,574,0
10291,72.04784198575791,131.6027339071951,18,3,3626,13564,155,1
11,16.825724693814983,2.124703636901154,4,0,18,267,1419,0
187,21.26563223056533,0.26335843165999595,4,0,11,182,1373,0
15192,79.11899751287471,66.47971036563796,9,14,985,6329,30,1
170,16.639330844018716,1.286712422618011,1,0,17,197,101,0
17,22.479817713675818,2.5640193401464706,3,0,19,280,639,0
101,42.75514935006806,9.606248204722098,1,0,7,200,1081,0
116,13.637733205026636,12.804725681215638,2,0,0,114,650,0
135,21.46159870572004,4.352538825512339,1,0,0,142,1275,0
54,28.300846542286706,3.086988811718749,2,0,10,22,847,0
84,3.806960475158306,11.178187783108221,2,0,3,204,731,0
117,18.878618162405782,11.926389644199663,4,0,8,190,881,0
17673,96.57686182103694,278.2273830430501,20,14,220,19091,159,1
191,7.873089022211367,4.792505089138094,1,0,0,274,1130,0
86,11.260252394551118,13.591483512847493,3,0,16,14,13,0
75,39.762812248144925,4.182775527744658,3,0,10,80,47,0
7,1.2337929294072216,14.11400578643392,1,0,3,293,478,0
28,4.524651970822498,6.328188332113238,1,0,13,126,1032,0
160,44.9468891758888,3.056310507784085,4,0,3,205,1412,0
11716,94.53096816837235,31.65929843008612,5,4,4637,12467,163,1
23,43.22881174432665,10.369523071807984,4,0,8,70,1127,0
108,16.397265557111417,1.4112898099206388,3,0,10,118,783,0
30,17.67778135685354,13.979872232413403,4,0,10,111,245,0
7,28.654171603676986,10.448675413155383,2,1,10,91,1045,0
7,14.87600470370917,2.4467581663294773,1,0,15,195,56,0
126,14.152750604326663,9.258178002129801,2,0,2,153,461,0
22266,94.67086357248138,155.037292369368,42,13,1308,2307,60,1
51,18.799204965250265,3.6642452117098596,1,0,3,97,534,0
118,26.387190946378002,11.010344919975084,3,1,6,278,565,0
171,16.95008731938658,13.15707815174108,1,0,11,33,903,0
136,27.85654663039445,6.206730329463415,2,0,12,130,929,0
106,38.360312878181745,7.491524629657913,1,0,8,295,1182,0
199,31.562198799144557,14.983680026469843,1,0,0,227,1465,0
5,35.4062389949502,6.829421033230685,1,0,10,146,514,0
160,20.54055650389122,7.514978362127751,1,0,17,41,480,0
18,43.479739922427335,4.817285591348436,4,0,14,69,1405,0
11,42.0604883501568,11.350900112742382,4,1,11,256,1276,0
191,10.019086244340075,12.909958874183264,3,0,7,10,685,0
147,9.448707728561615,11.842972205183763,4,0,17,141,1274,0
195,18.880121832208307,3.151542721593587,4,0,6,260,566,0
173,36.159614413966,3.8796749409132776,1,1,1,85,109,0
112,42.061023861409474,8.700276221696166,4,0,3,94,1114,0
115,32.83170398540004,2.899763473096406,3,0,1,270,569,0
23104,85.359868771279,67.22467630918514,7,4,2087,9457,103,1
108,20.84972307110502,13.409218593428205,1,0,3,58,1030,0
175,34.152926639645145,7.462473543004932,2,0,17,47,236,0
16,23.51834008905715,5.5809229990277345,2,0,2,218,1021,0
187,15.376511185019877,13.876879985853675,2,0,0,220,1327,0
136,42.8626217172049,12.1779973390764,4,0,11,218,628,0
21936,80.4824664015579,76.69821298442352,24,13,632,12023,46,1
8887,99.10299173219514,299.60525345092344,44,10,2280,8688,160,1
62,21.14887575509723,4.133051628882812,3,0,4,66,690,0
181,1.7147115012159628,12.153768469244259,3,0,17,298,158,0
23,11.41185778468039,3.3045649248292817,4,0,3,156,398,0
142,20.61632419238871,6.032427453491307,3,1,0,214,642,0
155,4.431730122014,0.1842163621336524,4,0,15,283,800,0
11658,81.9730176089407,209.1264321804574,42,12,2664,17449,53,1
146,18.070801193507002,7.673844244722749,4,0,1,29,718,0
166,43.482788402329724,14.862940203594475,4,0,4,222,40,0
132,32.47418166328197,2.6053021798317317,1,0,6,115,1273,0
7,14.09661221300434,8.519599493053569,3,0,3,130,365,0
16,16.69581944959188,13.104665243683698,3,0,4,220,948,0
21912,78.75645631280666,186.13599345144576,36,6,625,2139,103,1
58,8.069901727321188,10.314525446383087,2,0,7,276,568,0
1,21.23744585693436,13.869804442136815,3,0,6,125,701,0
171,42.50564492246259,6.269622429662593,4,0,19,236,961,0
161,27.198251271284768,11.8168740508293,1,0,14,289,161,0
10522,98.2662962836618,189.20038526897287,48,10,1623,6825,46,1
168,21.831137078138145,10.657828963468488,1,0,11,70,268,0
20,16.383033547539775,6.024118852728634,4,0,14,25,1239,0
120,19.081472303404837,6.314026051981423,3,0,19,293,304,0
151,8.083314994244489,2.882519640500171,1,0,12,48,723,0
24,15.926589091648799,14.155146118960223,1,0,1,83,433,0
170,6.758770096357343,11.71616877388273,3,0,13,228,495,0
58,6.733991476016801,1.3810086556602528,1,0,19,62,1313,0
113,3.4525975578474366,14.979398055549332,2,0,0,297,407,0
189,6.549074184518065,7.565605929136831,2,0,13,43,1480,0
156,32.990497511077166,12.565641134478106,1,0,13,176,1151,0
22166,88.92605167253448,67.42937047315282,46,3,1716,15391,138,1
37,26.998115765385037,3.287613363735604,4,0,16,79,686,0
91,18.953780310523932,3.177046157453782,1,0,19,116,1134,0
23290,77.17693658379791,227.47871570465895,8,11,1141,3111,57,1
23427,70.67824853347489,187.46894107877662,30,7,2439,14926,149,1
154,4.325679009578947,7.9759046014178905,1,0,10,86,838,0
12352,73.07361538543383,238.61471605414565,46,2,3361,5462,71,1
168,32.568459586924135,7.507591856654788,4,0,3,268,52,0
24,6.585554205218798,14.156023750777235,4,0,12,281,667,0
193,16.600121188458726,2.6642878044829463,2,0,6,297,106,0
8,24.17017747395073,14.118866863630991,1,0,16,64,1211,0
22554,88.51241366763914,169.1234806207008,48,8,1727,18935,10,1
158,18.42404252096707,9.956712429778007,1,0,13,124,610,0
91,30.8198226128581,5.391463283983173,2,0,7,137,711,0
24263,88.98065187917125,293.8805506932888,9,12,1704,11806,134,1
160,10.573869356992358,0.903084526867453,2,0,13,81,7,0
199,23.038570659142362,9.498618023263486,2,0,17,238,403,0
35,6.330840295483359,5.8076785736781025,1,0,18,80,939,0
112,26.844274217325385,13.509750825491945,3,0,11,244,1267,0
44,5.4604074923390025,7.5529492392895,2,0,4,129,1460,0
175,14.308517968304667,14.072691933841542,1,0,19,148,1366,0
11,36.190468035614465,14.00338699541293,1,0,2,140,1218,0
93,24.376936807441005,1.435513422238807,4,1,10,229,255,0
88,8.404257894339365,1.979423215806901,3,0,5,295,958,0
32,23.648656525298314,10.460778335904857,4,0,19,194,694,0
63,36.670077094854044,12.89889722637854,1,0,17,69,1271,0
103,43.93426801615304,12.23171062911448,3,0,8,38,811,0
10,27.663866559925122,11.4657058878495,3,0,18,191,1160,0
120,14.4822797714456,12.515787144928488,1,0,1,197,1088,0
163,4.110650760112112,3.567680603863798,4,0,12,262,745,0
131,35.48543306930072,0.9400896224131505,1,0,1,220,946,0
149,43.53630601154475,5.657805788190554,3,0,14,67,883,0
12886,86.56063686087077,283.6369034107084,33,11,3966,12184,170,1
40,18.257582911075765,14.976476385464233,3,0,3,290,1150,0
86,27.376290144983532,7.5957180072172195,3,0,3,230,1184,0
147,43.15072692522798,2.84653709992405,2,0,16,86,381,0
26,11.48474550433603,8.366620698281825,1,0,9,49,443,0
2,8.32769459387988,14.648557013522437,2,0,13,158,1235,0
124,33.38555761874688,13.918600263593158,3,1,1,254,240,0
8253,86.39339804113783,107.22841152311517,44,9,3748,9594,55,1
48,22.128074671523066,13.41230763410635,1,0,17,256,1468,0
142,41.587108480869475,10.047265532390202,4,0,7,128,1430,0
48,19.710040159258533,10.321760936644775,4,0,11,49,1411,0
72,12.425516913818216,0.7009193996675436,1,0,14,169,410,0
25,28.514527477995973,13.286728335754153,2,0,18,266,649,0
23,37.13500680062699,11.24571761618967,4,0,9,81,1065,0
164,15.71365187550494,14.91489098783978,1,0,19,250,666,0
152,30.225652939514603,11.264798791622272,4,0,15,256,248,0
6984,83.55667352479377,110.23866031830666,13,14,2167,18131,177,1
9,17.708445812152544,6.668741179267486,2,0,18,129,1304,0
107,29.38660366523975,3.847544291178372,3,1,3,269,71,0
47,31.46379258828656,0.2370933746181539,2,0,4,280,1266,0
185,14.76792534540052,2.306701899544199,1,0,17,120,818,0
150,5.695320040503589,13.837138888977977,3,0,3,20,230,0
75,5.655421093686625,10.43699301320122,4,0,9,259,1026,0
48,16.643311074688334,4.973663439424415,2,0,9,179,680,0
103,8.017659551819765,13.254263711103379,2,0,3,241,228,0
3,26.180487839848052,3.8577079052759813,1,1,13,116,1032,0
19,41.503578944512405,7.493021298906617,2,0,1,36,1326,0
67,31.27400451126167,4.698626463006865,1,0,18,179,1475,0
122,1.4525178211704493,2.692755675440251,2,0,17,209,509,0
27,42.29169617805793,4.263692091314824,3,0,9,290,1482,0
170,34.34216865650695,10.862436408023246,2,0,12,16,724,0
112,7.812458954299673,13.75798223013935,1,1,4,200,450,0
127,24.423850333897857,3.7370091301397754,1,0,14,16,1034,0
64,4.6404207672003555,10.642090002772838,1,0,14,178,1015,0
28,34.29612735101699,8.991172552582634,2,0,2,35,465,0
79,32.82653337573438,8.128408572020069,1,0,14,84,566,0
2,11.767486269042841,12.983420796959386,2,0,8,181,796,0
85,22.319671783520477,0.5645061457676263,2,0,12,242,625,0
189,16.247063389919603,3.8635314996023906,4,0,0,35,1282,0
156,34.16780337104824,5.351222280735835,3,0,0,133,1478,0
96,24.926631097236864,14.005818544448093,2,0,0,219,1420,0
160,42.15735754538314,12.316035398152374,2,0,11,88,800,0
199,42.61416587883927,14.794086642969557,4,0,19,60,1145,0
111,17.211752476329472,10.368236019007032,3,0,16,121,894,0
38,15.700604691808783,0.44397366022137563,3,0,11,196,1284,0
17549,79.37086968312582,135.0543314880003,28,5,1677,7101,143,1
50,36.367839988511655,4.025754340838339,2,0,17,265,244,0
98,42.19634734463277,10.773247617792817,2,0,0,214,1303,0
61,33.18584441789812,11.843580843222025,2,0,6,192,1056,0
95,44.95127492946479,4.109884314306354,2,0,6,127,1177,0
75,10.758297645076041,3.9319393267639664,3,0,6,252,577,0
102,43.615642594795254,6.799023699515286,1,0,19,270,1009,0
19,27.035546631265618,5.254647816161723,3,0,3,101,248,0
178,23.13787640892607,14.490293798593818,3,0,17,189,2,0
28,8.38384220842526,11.078570794262532,3,0,12,51,1373,0
177,33.468365307577116,9.387385063009956,1,0,9,255,124,0
100,29.389617337165213,13.094380349824057,3,0,13,95,806,0
190,30.612359316701788,3.436068776254707,2,0,0,86,1202,0
44,41.9272689259522,1.213713964181101,3,0,17,164,203,0
80,5.313959676881352,9.998729942824244,1,0,16,206,837,0
80,31.96279030367824,13.086122661227892,2,0,8,221,1257,0
157,43.53507016081227,1.686578272942125,1,0,17,44,794,0
53,1.677375234417573,10.987117271773014,1,0,9,115,246,0
198,29.997998045818225,1.840381205235885,1,0,13,246,1009,0
154,38.425279232665105,5.883009705850606,2,0,1,188,771,0
93,32.68489867465761,6.821033470190408,3,0,4,91,752,0
149,32.70009662436127,0.3981746820687444,2,0,2,56,44,0
32,23.465553328220636,5.835884967299601,2,0,4,221,1269,0
58,35.08560923599912,6.581204948531873,1,0,10,147,1499,0
46,7.17427880051466,8.454347772497634,1,0,6,216,333,0
7,16.61978509581344,0.43017707961337104,4,0,16,111,622,0
32,11.208799933587672,1.7950531861877865,2,1,14,27,1315,0
72,23.141698253779914,7.976584579295627,3,1,2,243,127,0
24,42.39872746060499,6.089083676766771,3,0,11,194,316,0
58,12.765689225731817,13.422083087981772,3,0,12,149,739,0
189,17.133870706931184,11.152916481167964,4,0,11,280,357,0
160,31.299791689546524,10.813440024460654,2,0,18,271,793,0
34,9.67867731134874,6.694576447534435,4,0,2,233,1114,0
17,36.31687474269767,12.92786419042257,4,0,1,102,1097,0
2905,92.66762322933185,273.5167786898173,30,7,1697,8547,130,1
125,13.84409163390352,11.061075634169342,2,0,9,165,720,0
85,3.9605229685466403,6.029500537399868,3,0,14,35,58,0
89,26.233637611202973,0.7280412127477196,1,0,15,241,328,0
166,17.966294070586667,9.304131168520735,1,0,12,150,294,0
166,17.34455955547258,3.824388820468484,1,0,17,25,27,0
52,25.406229090688157,9.892245158436927,1,0,13,136,1194,0
87,3.3573686227259487,8.468080780892679,2,0,17,118,709,0
2,11.924649103757222,9.662453526171067,4,0,13,283,929,0
107,25.53830241215992,14.565727548228733,1,0,8,110,1325,0
55,15.46819518533881,9.948509927680169,1,0,10,80,906,0
81,13.724247637021794,7.9951468202212705,3,0,0,212,37,0
18,25.458315824754212,6.774342015939748,1,0,15,204,903,0
5037,76.98126424532407,240.11336883643818,43,1,3490,3104,45,1
162,20.257098438520952,5.210201143531164,2,0,5,39,1,0
77,22.21381235247304,13.556152855034714,4,0,19,238,941,0
26,7.42824888381809,12.469726202603638,1,0,6,211,790,0
152,3.887547879823973,6.562084303293697,4,0,6,263,93,0
54,12.491147030477851,3.8575115291071147,1,0,14,91,720,0
20,7.407660455038631,3.72519872694621,4,0,15,52,1409,0
23658,80.90092386041113,124.2927031323788,5,10,2056,17978,166,1
45,18.297359121111484,10.841308963876255,2,0,16,211,1497,0
16,15.6651938343031,14.377942466264297,3,0,18,210,539,0
119,19.28762240928283,14.962954810362248,2,0,12,76,1191,0
45,25.756838607720667,7.5858016228538885,3,0,7,181,1364,0
15413,89.9806248541752,202.54893663652538,39,4,611,9097,192,1
100,24.689379088626136,12.179738026883104,3,0,13,248,1094,0
14,17.582142735276296,11.011281482061896,2,0,5,140,562,0
114,15.235338149361628,6.90965688767012,4,0,0,211,698,0
72,7.626881935014842,7.27101464262309,1,0,9,218,206,0
24761,89.86520558831913,218.34572216473637,28,2,2545,14985,171,1
13918,92.54712300861932,234.19706914709553,38,10,127,14053,121,1
95,18.58766024287481,1.3096980270514245,3,0,10,217,1252,0
20,39.48970675237571,8.78005217192571,2,1,3,164,1132,0
76,12.904607285471622,6.496909208992509,2,1,2,123,762,0
25,1.9612553273928794,4.041739664768022,4,0,19,32,1095,0
53,42.03017393628483,6.878908729155864,1,0,6,31,742,0
103,44.04368039529686,13.093243049158714,4,0,3,69,968,0
13,19.93524742437682,2.488604688781976,2,0,16,269,94,0
157,36.03471881608104,7.200862359342276,1,0,7,152,1307,0
118,15.978108469027426,10.708918621852623,3,0,6,37,936,0
157,8.846586546841518,6.293348922356692,1,0,11,155,1149,0
32,3.9746089767848587,1.9264890319570267,3,0,3,254,955,0
14,29.856113762405283,12.92162115015293,2,0,19,256,226,0
51,34.17019563923617,9.473851921650574,3,0,13,57,508,0
73,29.04570917320575,11.287089582479142,3,0,3,158,1088,0
108,26.133368381066756,3.4845214236705,2,0,14,108,518,0
1,12.674350052440547,9.625016959402306,2,0,5,166,939,0
89,38.78271733476125,12.946079078567514,2,0,7,273,653,0
139,16.20115756383161,1.4078164204392647,4,0,18,178,1200,0
137,14.633273137144316,11.788178976853862,1,0,18,91,713,0
3301,91.09744416199733,226.31171126373445,27,10,1761,1569,82,1
15,27.97949587269715,9.38913372230608,4,0,2,282,435,0
16876,96.18926489377266,90.67315066909292,12,4,821,14277,192,1
36,28.886464528880655,9.043257304823344,2,0,16,208,965,0
4,39.063128372517326,3.7694339381372814,4,0,7,265,238,0
197,23.759975469189666,14.076019195346506,3,0,2,40,1322,0
59,41.78393273441802,3.852615098951064,3,0,11,46,887,0
117,12.965625734411745,3.052148053171298,1,0,5,148,1326,0
44,34.666549393895615,8.892734692932615,1,0,13,297,83,0
51,23.085165554357868,4.999794794313945,2,0,19,290,1452,0
106,36.459211444661584,6.532581586896505,2,0,15,135,883,0
133,12.90833344719769,0.3686769463959272,2,0,15,56,295,0
78,27.241318386468308,13.13734347586388,2,0,15,110,850,0
10,11.217886399659097,1.3851126524290776,4,0,15,98,327,0
7885,78.16484549486887,94.88435394645214,15,2,1919,16590,27,1
55,14.415737472942794,2.7883149490124195,4,0,0,46,564,0
3,16.400302212819867,7.139685497331867,2,0,3,158,1466,0
186,27.084967942356847,11.751827201349727,3,0,6,200,468,0
106,11.167557526477832,7.615272494051625,3,0,17,190,843,0
96,12.670054990117682,4.794333942847951,2,0,7,230,800,0
71,24.96043428480572,2.8167942353154714,1,0,19,54,1481,0
73,38.375641873932366,7.744850553683943,2,0,4,27,884,0
104,16.04135784435936,2.6506526831433668,1,0,1,106,387,0
20,17.040922810874036,11.258872843129941,3,0,8,230,1191,0
178,30.124199836028506,10.570800659414845,2,0,0,59,1389,0
13,3.424467546988568,9.223438203721912,4,0,10,210,835,0
78,15.309292636153298,5.761403288670313,4,0,18,64,299,0
9,21.511990009612507,5.403929023400324,1,0,17,62,224,0
146,1.8416745232406284,11.248758212095412,4,0,15,176,455,0
178,16.860878226228373,9.563839134072632,3,0,9,57,445,0
136,9.209964262419371,9.396789063944686,3,0,3,83,165,0
152,30.570618117116357,2.674565813048702,1,0,16,65,889,0
113,4.528217299732985,12.636215892447458,4,0,18,246,1318,0
125,29.949796093002064,5.9216898895939,1,0,2,42,307,0
9003,99.48077281156002,233.1070115015656,10,7,3196,11005,70,1
1820,72.30480870592305,140.26477409230276,49,11,2488,10846,112,1
44,34.94482717382268,9.658206499057888,4,0,4,92,1482,0
39,13.907550543404433,14.940590472395499,4,0,6,172,1440,0
33,25.38036833741635,11.372634634861463,2,0,4,31,480,0
127,18.280152703942314,4.231150403602873,3,0,17,182,1129,0
143,15.235083004429667,1.4257354844531418,1,0,16,125,176,0
135,25.73436916841374,2.961425704029161,4,0,15,247,653,0
137,22.026163616177975,5.804080698656207,2,0,10,137,1073,0
121,4.318135743682683,12.001700253807964,3,0,16,49,716,0
159,6.86001352937103,14.66792091109995,3,0,8,96,1180,0
39,10.947479124464758,13.988795339434418,1,0,4,18,890,0
117,27.22620509348181,8.099336447761972,2,0,18,204,332,0
90,21.472211376140624,8.964248711691186,2,0,12,79,657,0
119,19.391299762304197,8.059429387948427,2,0,18,265,1004,0
170,24.745118711738705,3.376256546639502,3,0,15,164,931,0
48,11.861709214212247,5.522101156780454,3,0,18,13,53,0
69,32.18568883008278,1.6405845557876186,1,0,8,263,82,0
85,27.43485457094324,13.560775562355616,3,0,3,243,1191,0
59,35.00362122477485,8.545410964655943,3,1,13,134,1338,0
54,15.756350673568347,6.712375331306801,4,0,2,204,1450,0
21,19.9339228338652,5.5180534566902395,2,0,19,90,608,0
154,20.619011273831543,3.873355909299737,2,0,10,44,1008,0
103,38.62132887127714,2.704322054172854,1,0,7,108,231,0
167,6.747912788523829,5.455730890115364,4,0,10,254,654,0
47,10.966951545588651,0.5346429617537095,1,0,15,147,1336,0
69,9.767894804539235,3.7546616441180736,3,0,0,209,1019,0
10362,88.02714957993445,93.29560284059392,14,12,4237,5083,7,1
48,16.587938397557487,6.426131847070738,4,0,13,200,1014,0
21063,85.00380875502364,288.2134801565625,8,13,2057,3800,117,1
92,21.756552850811318,9.765556133742228,2,0,3,117,734,0
87,19.722249007961082,6.8842443099227335,4,0,10,160,1447,0
12,11.614750785673227,5.159639804001727,4,0,1,32,1137,0
88,11.370031521338937,6.474824502343089,4,0,12,96,322,0
66,24.651766320175238,6.161458441217055,3,0,5,92,1247,0
164,34.66469003185776,3.8359042074306116,1,0,16,113,1293,0
99,1.8950076028158165,14.181253245579592,1,0,7,74,895,0
13513,81.9618197415581,245.02625919572853,12,1,3317,10131,30,1
86,28.418065564904317,11.251105707525172,2,0,9,88,343,0
0,17.843145635201065,3.5470958266822423,3,0,14,32,1188,0
37,27.18936470158249,7.924598691367482,3,0,2,60,425,0
169,9.04378909572594,12.187335320180232,4,0,18,99,1100,0
7,38.072398064467976,2.0876486041445923,1,1,16,132,1379,0
101,12.672543919786307,11.077578291607088,3,0,5,183,90,0
88,23.394197778570092,14.360895730400765,2,0,1,200,1187,0
115,2.9210808633723753,2.0479476179219644,4,0,5,191,159,0
194,30.126633570930217,13.391907831294947,2,0,2,214,1283,0
9,28.546407195155258,11.484985703173425,3,1,13,242,522,0
172,1.3283781783576538,14.369185774653701,4,0,2,211,958,0
45,38.82439519551468,5.335203426358409,3,1,11,158,1418,0
103,2.979860134358672,10.094133287029424,4,0,13,116,555,0
75,37.623995745083775,0.1450109832068026,4,0,18,138,685,0
0,11.329194555898738,9.989196736001215,2,0,5,271,498,0
150,7.282568013386927,11.821122489537567,2,1,2,274,633,0
38,11.24004735228428,7.4385756249055754,3,0,11,262,820,0
11228,79.1968364298786,23.206729147185364,33,9,1162,4618,102,1
152,20.072778241247914,0.6635200346253262,4,0,7,85,241,0
50,19.450725938448688,11.247610805527573,2,0,3,33,49,0
127,38.544531136956884,10.215655010809632,4,0,4,146,1127,0
177,25.842139576774148,4.650932220977181,1,0,11,276,791,0
36,33.9722552123781,5.191507002191156,2,0,5,290,1104,0
157,30.447804837036735,7.744734400665227,3,0,8,44,842,0
130,5.451287262976542,0.5586682233408381,2,0,6,25,404,0
131,37.11735640757767,14.306193788891743,2,0,1,104,1454,0
180,14.901176184968019,0.22271999972020587,4,0,13,241,892,0
21,5.727824315671958,12.45105537877588,3,0,10,169,927,0
94,18.498114235054405,0.3274461107258434,1,0,7,187,593,0
153,8.794755021795524,10.668782992571902,2,0,2,108,27,0
159,6.7515622379493205,14.700725048457468,2,0,16,78,681,0
16073,77.252786437151,237.7681392579538,48,6,3576,19377,96,1
159,40.74403937851223,5.818231562298794,1,0,6,122,387,0
28,15.62807091454333,10.956365836212376,3,0,14,235,264,0
131,11.40489613850256,6.575654042622076,4,0,0,54,164,0
90,42.61298689794093,6.133171132620675,1,0,14,128,1178,0
111,13.188551070343067,10.3555656765661,3,1,6,85,595,0
143,15.752278203445012,12.607179760378152,1,0,1,191,681,0
171,41.01489816217857,12.713363947538738,4,0,15,169,510,0
103,42.07809832285507,4.1164692294616465,3,0,16,291,387,0
89,25.04417583603747,3.776536567943975,3,0,19,15,1112,0
147,24.4118202532725,9.885168326205285,4,0,0,175,575,0
139,36.93890826127129,0.36638941211878917,1,0,4,18,850,0
83,2.240418979677775,5.336480934713183,3,0,12,159,982,0
20613,88.44434023378142,266.7355128156865,41,14,1654,18144,92,1
194,39.55805505826171,10.374059712690686,1,0,19,110,1062,0
99,3.182659967377241,14.24128608742397,4,0,0,249,237,0
116,32.13530577258355,5.056583337331283,3,0,4,87,4,0
155,25.559532091179392,10.486657960085301,1,0,14,218,1233,0
139,19.62674634274069,12.595464763351046,3,0,19,274,1090,0
102,44.84715758713924,6.8129944320994325,2,0,3,181,473,0
43,27.225918201016476,13.890386892538734,2,0,16,202,1033,0
22305,84.31473175421169,174.8381162368117,21,1,1188,14262,169,1
114,40.853298788003706,13.43416857421352,4,0,16,11,23,0
26,39.53981669999536,9.203103232969532,2,0,3,277,513,0
129,35.494761422245936,12.508104159945441,3,0,9,261,409,0
108,23.553353500665313,14.732397305105632,3,0,9,126,1136,0
116,10.601131520295578,1.857286255626079,1,0,13,110,817,0
196,39.684173994454895,12.35745411518895,2,0,15,22,1261,0
124,16.20758962959099,12.665652087889868,4,0,5,186,754,0
58,2.6531279775519248,3.823535652389659,3,0,1,213,247,0
185,17.645886715271416,3.95290490113633,1,0,7,164,944,0
52,30.61605376009355,8.107512385137124,4,0,12,243,1466,0
117,7.2920493972919616,4.647696498920001,4,0,0,11,1,0
114,10.97799551406441,0.29007154764071513,4,0,1,144,259,0
123,42.832767381357556,0.4819205232778966,3,0,8,122,1151,0
164,22.343208002278597,5.628864548572618,3,0,2,235,614,0
153,43.964087295158045,10.036890261594733,3,0,12,91,499,0
193,34.85575133961007,8.059884107975584,3,0,14,246,1245,0
126,3.8555682996900162,14.248107812993412,4,0,14,135,476,0
97,6.296638578243488,7.220368449128687,4,0,8,13,979,0
197,43.98830599531351,3.220160037854011,3,1,12,240,180,0
74,17.3903929883525,5.31344240834624,3,0,7,204,310,0
146,1.7052388840254173,10.005635602845643,3,1,12,237,1165,0
44,6.833259409317224,12.334742029154093,2,0,13,129,1074,0
25,37.14108796763055,0.4835619052335214,3,0,15,186,733,0
27,44.13622460145614,5.329536796498761,4,0,5,67,256,0
23,44.89564508569489,11.961421028414367,2,1,13,165,565,0
160,11.410830439130322,11.1680403736145,2,0,15,237,1107,0
53,25.878301349111673,10.501307643331868,4,0,6,97,906,0
29,27.230276580195465,4.62230086068386,3,0,4,256,90,0
61,7.762405885145,3.085063334336991,1,0,7,158,644,0
178,43.11393263175103,7.731332343414918,3,0,0,10,197,0
38,40.000735926246236,3.0781073222767104,3,0,3,13,517,0
83,20.49760319420824,1.4196657899936935,2,0,5,266,1440,0
38,33.46984168549405,10.232686239976621,1,0,1,289,1350,0
110,31.328290133936832,5.108779008277973,3,0,15,142,544,0
182,25.941771064940166,0.24840014394411947,4,0,9,255,801,0
83,7.850474301261048,14.299941023002598,2,0,16,133,1423,0
38,16.743694970766093,10.834462163164092,2,0,8,80,558,0
130,28.935893002739164,1.5675701610231085,3,0,11,148,1047,0
158,21.4131955920152,0.8629746029359031,2,0,8,86,554,0
43,44.58988291089369,11.561833332699642,4,0,8,258,1247,0
192,6.55005695271069,0.48452680604934306,1,0,5,184,576,0
26,23.753188957704456,0.4725612814738226,1,0,17,133,726,0
76,22.144637396795794,4.115401746987113,3,0,7,273,97,0
105,17.861476101679074,13.810935092506682,4,0,4,136,1348,0
53,40.1160268758453,14.205947934004934,1,0,19,201,294,0
59,30.178434954909186,9.029474138026133,1,0,19,157,216,0
12556,84.83209964047981,296.3238467233843,23,8,3642,11683,6,1
119,29.64275678961596,13.042559740604379,1,0,16,285,183,0
38,6.424486289153661,5.53974673193757,3,0,1,122,1348,0
158,36.760247789405895,3.990794452052848,1,0,3,134,1444,0
23,44.79854656872007,14.596126401876655,1,0,7,122,905,0
52,23.162437494447563,11.744204624552722,3,0,14,104,493,0
110,26.423510211047727,13.183916435086951,1,0,15,247,1291,0
52,18.437755521921705,6.615496558844802,4,0,0,170,180,0
47,42.923860748110265,3.924259179449125,2,1,18,38,1372,0
78,30.528098911782948,11.434501610054035,2,0,16,44,489,0
62,35.67354658130097,6.8931474616294945,4,0,9,25,1005,0
14830,80.85108404174467,90.27713065440034,19,5,4796,16829,134,1
98,10.838512126241529,9.184434183673174,2,0,15,34,368,0
48,31.238311112270047,1.0927571763145831,2,0,10,103,530,0
152,40.467792732034084,4.440276833362028,2,0,14,193,1333,0
46,12.133159000491142,13.239636532228173,2,0,2,201,294,0
176,3.2875314870191295,6.853600410635308,3,0,3,261,106,0
66,18.421237952621794,6.3395089581915585,3,0,10,281,892,0
178,30.668917242801083,2.4851041717522864,2,0,12,123,880,0
122,37.00873869029955,1.099696616185193,3,0,6,55,589,0
135,23.24790275056619,10.204025272896033,2,1,17,27,1152,0
41,42.27047018309135,11.606380110809821,2,0,12,236,861,0
182,22.684061719444284,12.271481989817364,1,0,10,298,1182,0
97,18.94734641832838,12.797991680172393,3,0,14,48,592,0
10,4.675096245920826,12.173519156937655,2,0,4,71,907,0
80,21.27227841063365,11.645390192511142,4,0,18,18,937,0
21222,91.78337252183307,221.59391657399183,38,13,968,10549,145,1
18787,87.34350183299777,262.00503112847383,29,5,633,16481,128,1
1768,97.84181066951695,248.13518985989296,21,12,3419,17939,80,1
152,9.861560522931045,12.563450555822971,2,0,8,136,373,0
145,18.72053732886055,4.042496967027346,3,1,9,52,208,0
136,15.027962206412205,4.350642154419108,2,0,7,126,1360,0
54,3.1689576816343235,6.827289492879718,1,0,11,278,702,0
186,30.49911068706437,13.099695944746745,1,0,6,241,632,0
160,5.95480609136571,5.249155012895592,2,0,17,164,956,0
3,34.10550682136667,9.129623536943702,1,0,14,32,34,0
32,2.7517033356131684,4.727954473790411,1,0,15,52,1051,0
19165,75.38558801628929,175.03255383675196,26,3,2879,1391,28,1
162,14.348963919681859,7.100696981256756,1,0,8,234,1342,0
61,31.432848682127826,5.007367511324325,1,0,12,233,89,0
167,26.87202039090365,0.3837467981869481,3,0,0,55,273,0
54,8.633826215620969,3.6165181618233095,1,0,11,51,44,0
163,14.364342033904373,4.794341799453231,4,0,17,98,1498,0
118,29.882022554028904,11.319494276283859,3,0,13,74,1467,0
18511,98.50192013940057,281.97839769142416,9,2,4777,18597,76,1
18427,93.97714299928857,44.164971990952225,34,9,1447,13764,58,1
152,1.8860653537687524,8.252201874276619,2,0,14,65,129,0
17061,79.16114771003923,217.5278223327056,24,3,3300,11440,78,1
68,4.130849870628029,6.699420060825257,2,0,8,267,699,0
188,6.679134864958784,5.148137431913983,1,0,4,124,499,0
102,2.115338587613293,6.98589305172152,1,0,10,59,339,0
21786,82.23492653000157,52.2079401464848,46,9,861,9738,45,1
185,7.04120143948509,11.67144191296622,1,0,9,290,537,0
83,43.70976799802874,1.0121282063392232,2,0,12,120,772,0
61,43.095699091131394,0.6692214779851268,1,0,19,77,242,0
101,20.04175159516052,13.428628898384806,3,0,14,76,296,0
137,28.784186873652907,0.7687271454434986,2,0,14,205,941,0
90,9.322102638376563,2.5546414716127517,4,0,2,278,602,0
112,31.85014215436884,8.064862716864983,2,0,10,234,669,0
191,22.203607352839008,3.755126419991101,4,0,9,160,511,0
172,3.1625291751877898,8.444059439510884,4,0,2,226,1008,0
107,22.46471001593655,3.593811701069232,3,0,6,202,847,0
141,4.197285853570895,4.411350912311469,3,0,3,286,1451,0
79,20.759454621934537,0.3856763701734838,2,0,0,106,244,0
84,5.691439233210307,11.631648319472717,4,0,17,251,406,0
187,32.21531004389489,2.649426928359688,1,0,4,269,94,0
180,37.80345646867427,13.9964211883834,1,0,18,91,427,0
185,22.691239260155918,7.697360228263592,1,0,2,294,468,0
48,40.3053977266774,10.169593372566721,3,0,9,281,75,0
16,22.493807837035835,11.002408563574958,4,0,13,190,327,0
81,37.75073864699009,7.090574123654239,1,0,16,232,1496,0
151,17.301623230618628,2.0567164214883293,1,0,5,276,1297,0
153,44.80776881795087,2.542411904499479,1,0,15,233,505,0
31,19.64588527696063,12.36103221757318,4,0,13,235,1247,0
100,13.08702144351432,5.664616830211558,4,0,14,135,1079,0
96,25.826199934119586,5.667389415957464,3,0,2,135,1194,0
33,9.386832655275791,12.911831905993314,2,0,19,142,1272,0
43,31.11515588704953,2.5815292700476395,1,0,3,274,1486,0
183,12.843109123631685,5.735125607970463,2,0,5,127,503,0
19,24.998829809315374,0.1795532153483593,3,0,17,199,464,0
22,30.805297715110402,4.403268552315935,2,0,18,114,183,0
71,35.459041277227726,3.2954276169300076,2,0,0,38,238,0
179,41.260067660891195,6.098910431268424,1,0,5,86,193,0
38,39.10820787891443,2.612125821667149,2,0,4,156,531,0
147,20.532455998280625,0.6715871663408223,4,0,9,267,1001,0
59,5.195880536012156,1.4630960731517422,4,0,13,227,604,0
19,4.295417048087284,4.186501567367605,1,0,16,48,896,0
107,19.409139468646675,4.9983152264091375,3,0,19,172,507,0
181,10.587220703576735,3.400253878008636,4,0,6,97,70,0
67,25.229188695397468,8.00979961089829,4,0,1,173,153,0
181,6.764643220620487,12.144633883634569,2,0,6,111,66,0
140,26.09262530418118,8.346072741727314,4,0,6,15,118,0
196,23.657067396183415,8.35546991355714,2,0,19,137,643,0
15055,82.02521411176852,28.934765195292734,15,14,4914,7135,104,1
159,31.362063090015784,8.282245827097622,3,0,17,223,1065,0
1,3.3291811650280034,14.063460005545316,4,0,4,104,1469,0
143,43.89578800365034,9.11361811664655,4,0,18,12,1141,0
3,4.7053724917923265,12.402504545094223,3,0,1,246,732,0
89,21.474825093337387,8.188336477577712,2,0,3,146,989,0
198,30.60635341831551,13.356342447317807,4,0,3,235,22,0
80,43.23080489781341,10.90057571834022,2,0,6,297,232,0
79,32.02179987955808,11.035413517286738,1,0,1,10,527,0
4468,84.99461978725247,128.60086435159369,38,1,4889,4039,82,1
39,30.14180450415168,4.911225921810725,4,0,19,275,1180,0
140,42.62732719502858,1.904111343797795,1,0,14,198,1224,0
88,14.328959848178886,10.740375199781248,3,0,8,162,813,0
63,11.88837117425844,12.833652684727232,3,0,6,217,1048,0
16509,92.25543986241647,236.77511546485178,35,13,4204,9293,27,1
80,34.36892994995638,12.883566085422874,3,1,9,102,336,0
195,8.312139982828965,8.109094193025422,1,0,14,283,1254,0
87,6.5488462338595,11.954169364480014,2,0,5,98,113,0
43,10.625955170078706,12.90901666023048,1,0,13,214,835,0
130,19.97727507900464,7.535638976270811,2,0,11,15,1266,0
142,1.4973116099169888,14.934502606872238,4,0,15,115,942,0
127,19.09242679176178,13.22169360422221,2,0,11,79,755,0
93,44.047610630501694,6.8375257964656075,2,0,19,45,948,0
91,44.42342159708509,7.653258729550196,1,0,19,61,1226,0
89,24.405051012322822,14.775574247665865,1,0,12,146,184,0
88,13.428786760280163,13.43600449691621,1,0,19,82,1338,0
172,25.9800019889664,8.829359452866031,1,0,18,228,1191,0
24470,82.83532013751329,162.55766323948563,27,13,2585,19252,112,1
3631,90.2729025508641,269.3389231161312,32,3,2983,17988,75,1
51,5.9649839587429145,2.333425000389556,2,0,7,247,451,0
136,40.95281599855314,10.777815856860268,1,0,16,46,801,0
130,23.667349249009906,10.425279727227643,4,0,9,279,920,0
189,15.131134715981954,4.796729386921562,1,0,16,141,75,0
184,26.11757319626551,3.749807274652746,2,0,15,98,1324,0
92,40.52900452969753,0.4940588487052453,4,0,7,140,1384,0
162,4.774948535577537,10.212827219608773,3,1,6,296,381,0
45,41.13920068845085,4.739944111168682,3,0,16,38,297,0
19292,79.35830735764587,244.76728205278272,23,7,1950,14118,186,1
9,43.542084212909316,14.485736289418217,2,0,0,29,959,0
158,30.761528232040266,7.83978691722944,4,0,8,281,849,0
22829,75.46826752497135,249.29263742395636,35,12,631,4818,114,1
170,30.208276893519905,6.179499360147708,3,0,2,59,1320,0
131,25.054610011173725,5.202880765875932,3,0,2,290,950,0
10,17.87879777562697,0.7409080692628245,1,0,8,38,736,0
19,9.720641002553398,1.4568861130244968,2,0,0,73,180,0
143,9.676051206594916,10.631178515512536,3,0,8,114,475,0
75,36.857348055783724,8.079276549680857,3,0,4,53,530,0
58,32.209029594193794,12.059869606641675,2,0,4,246,943,0
26,10.034649303099192,14.190535702056989,3,0,11,53,781,0
88,25.064870543360982,3.4885837579805865,4,0,15,200,98,0
123,3.8721773329244114,12.129827002908092,1,0,1,100,353,0
67,37.45644630786758,4.662964753903165,3,0,12,154,1366,0
144,32.74376291282117,12.967982713707306,1,0,6,299,1461,0
178,31.10982695271517,9.439078874072484,3,0,8,188,466,0
36,19.266408775680812,13.999408698268457,1,0,11,144,543,0
135,39.03211572406282,4.671234818340508,3,0,5,132,1107,0
162,11.276963887018884,1.2888579421466055,4,0,10,246,1312,0
147,9.611356164384558,10.33559137664303,2,0,7,83,82,0
185,30.185671218176086,9.251337487369634,4,0,13,158,69,0
120,2.7857713339265837,14.922714136626206,2,0,4,65,896,0
31,9.511155090085232,10.351654732384521,2,0,10,220,1340,0
45,24.681684482212912,8.652026610774282,1,0,4,167,1162,0
130,1.0648481717977023,6.7556619539955065,2,0,1,62,240,0
167,20.15743822958906,9.194868612996398,3,0,17,245,1327,0
16,3.005746949741427,7.458320519649264,4,0,1,95,278,0
22139,94.81272556084596,96.64791990449864,22,10,2868,15274,13,1
66,42.12811628148524,7.62061818316724,3,0,19,76,755,0
92,36.30542534435983,7.860152233546825,3,0,11,92,838,0
146,22.46760859228928,11.675218870784393,2,0,18,289,359,0
12,20.856940973287216,6.886975258766381,1,0,6,79,271,0
123,5.574212540145141,8.74823067012419,3,0,11,43,954,0
146,27.47949629359968,14.221218779693949,3,0,11,89,955,0
36,19.90562798762651,5.791174483774506,2,0,13,30,321,0
26,2.0987531331501823,6.599594815088676,3,0,10,278,900,0
129,1.5674886707391193,6.788784666632573,2,0,10,76,791,0
120,23.84975847626134,14.32127065330953,4,0,3,144,1354,0
179,10.56792901755838,5.30716438103612,4,0,11,32,401,0
179,20.638359839408693,4.74881946101591,1,0,17,89,184,0
34,42.41871328262367,6.813679142960149,4,0,4,35,608,0
146,21.193382730260094,10.390278857011989,4,0,14,221,664,0
11773,81.96634795418018,125.16408785822931,31,8,1930,6110,52,1
97,33.78944867839672,4.405161548197981,3,0,18,74,209,0
22,14.080636988378366,6.914017487403022,1,0,2,71,478,0
23,36.45985707147142,9.013742621793257,2,0,14,36,408,0
180,38.5120865348227,10.188398318610874,1,0,8,55,1323,0
28,17.51413921401261,7.255527030718298,1,0,11,202,902,0
5,38.80091733646432,2.0639745651121415,3,0,1,112,599,0
156,18.239679363155552,3.0707742032583423,3,0,17,100,1159,0
138,15.87194636525356,2.5172206093378047,4,0,19,47,243,0
80,31.016434327224346,2.7252966518472883,1,0,14,45,1441,0
52,27.54137473237819,14.051653111592282,3,0,18,209,594,0
94,7.8540234655274865,10.775496313368286,1,0,7,258,54,0
159,4.826548891261055,2.522249323085831,1,0,17,272,978,0
190,37.41357356915089,11.496233608977754,3,0,16,70,1144,0
165,22.917717516113868,10.403432632622557,2,0,11,182,693,0
106,17.3815123372141,6.72146790184497,3,1,12,124,69,0
135,43.69131282794651,6.756418927139753,4,0,13,265,514,0
83,29.52330597942417,0.6550828211515218,1,0,4,204,946,0
127,36.42397401380916,7.380213395581973,2,0,19,43,660,0
164,6.0664318493888505,0.39219693386637855,3,0,17,167,809,0
14,3.3685430959721994,13.73180363681041,4,0,6,76,488,0
65,25.472390475720513,6.256597734161685,3,0,1,109,892,0
80,11.515897929308258,6.893598167953053,4,0,0,111,240,0
89,8.991014581290518,6.295044534745807,4,0,17,294,1377,0
149,26.63943577116599,2.24094561524477,2,0,19,191,841,0
18,3.5070639878842043,14.23494580545456,2,0,0,262,1125,0
127,22.856710832263317,2.943061422549976,4,0,1,133,1152,0
67,14.736348409041694,10.562248496859855,3,0,9,184,132,0
147,9.202471413574882,9.980902658057355,4,0,8,297,1285,0
164,42.52606129517191,7.983638688140533,4,0,16,194,1473,0
168,16.70298290752885,11.233647211819944,2,1,11,211,1118,0
174,17.716668802328638,10.966069446965838,1,0,13,43,1060,0
70,25.789968037289583,2.1659226837882257,4,0,0,126,629,0
97,30.104513034240682,0.46965901763423046,3,0,6,125,761,0
124,20.681321275114428,6.206593323832951,2,0,17,91,765,0
193,36.83289250943959,8.762361702348166,3,1,17,101,959,0
7962,89.55561904530428,136.12718781362165,34,11,4391,10139,70,1
24,4.4555946828831425,2.2017910124352267,3,0,18,65,518,0
36,19.814458682946842,12.203528257440372,3,0,13,251,438,0
21,39.105569702013284,4.975595629105663,2,0,0,183,378,0
116,43.9711760418604,5.256997887657686,3,0,12,264,608,0
124,43.54661464320588,12.077882160155276,2,0,5,226,739,0
197,18.88232760925682,5.708174312243682,2,0,19,179,948,0
86,4.011391206675549,9.741345477257221,2,0,17,170,1391,0
157,16.697901575367055,0.6764058780321539,4,0,18,145,690,0
73,25.49520728832557,10.229567720390031,3,0,2,96,1153,0
134,18.382346865699024,6.783283985590045,4,0,11,148,413,0
46,13.2602947770616,0.8064929784872654,4,0,13,142,624,0
15557,84.4861844236224,280.7707961921202,46,12,172,1787,178,1
114,38.78793793139881,5.3938156839678495,4,0,12,132,526,0
149,14.94378205970749,8.294686897119577,1,0,8,265,1192,0
28,1.7699214154450984,8.550730009909543,3,0,7,173,482,0
44,1.2580480270350973,13.682793609748085,2,0,18,296,1073,0
105,43.41230453122029,1.7442903427123446,2,0,7,16,504,0
37,8.521201706517324,9.6465823484356,3,1,7,159,678,0
124,34.28384787151212,3.0140026418126937,4,0,15,243,585,0
60,4.862682430559039,3.2545799990832887,2,0,13,40,1416,0
81,34.11999406434295,2.6967523096702744,2,0,14,27,1089,0
186,3.8965131079787665,0.658570557357924,3,0,7,180,153,0
136,9.541665899622778,9.09092191923702,1,0,11,58,723,0
64,39.50038278873469,4.659490967613253,4,0,18,36,537,0
40,8.677933401510028,9.196646144973185,4,0,7,229,981,0
45,27.62393881578369,1.95274522989192,4,0,12,65,1029,0
128,29.000468387468473,14.599856200260938,4,0,2,101,1085,0
17,36.746200935451625,1.8029401589691627,1,1,9,175,417,0
52,13.041320936544137,8.852485940510736,1,0,3,41,93,0
65,24.97124775214833,7.72040245389365,2,0,11,152,264,0
79,1.5843729521775236,3.77252085269337,2,0,7,169,824,0
183,44.97141322077681,9.324487119539683,3,0,16,231,563,0
189,13.518526228667543,12.229373703679302,2,0,10,222,412,0
24,41.82081225531792,10.962602768159462,3,0,2,191,166,0
3,40.169709504400466,2.707452748383701,1,0,15,17,825,0
38,36.28421392478957,8.758483045998656,2,0,14,177,661,0
6,22.289849630029703,4.480650490064801,2,0,2,200,697,0
111,18.7412678600882,1.443915932983641,1,0,2,164,166,0
88,6.776670768212266,3.089183929757325,2,0,4,261,1102,0
12927,92.66411480124401,257.22286603390023,34,2,4776,17946,34,1
99,29.775745742490926,6.271588259139187,3,0,5,214,189,0
137,4.459575283549354,2.3759814318474874,1,0,12,70,246,0
94,3.027043465720574,4.670913995157202,3,0,10,94,331,0
167,15.35517239381046,3.7599104533273366,3,0,0,23,1023,0
112,24.17995530621819,3.2893815977887697,1,0,17,237,1238,0
53,8.997598301492545,12.998944785627655,2,0,13,268,59,0
116,8.077852913344307,11.532446685699359,3,0,1,278,380,0
42,30.53739463682831,10.763579553826396,4,0,17,91,1435,0
119,30.301675307540425,9.451536122342318,2,0,7,132,1086,0
180,39.991997973691184,3.943298651124819,2,0,19,289,158,0
11,37.8332636245487,14.111915805788609,1,0,9,231,773,0
158,13.79858158618963,9.547420334563652,2,0,18,275,1340,0
75,31.031428219659748,12.929837753547819,2,0,7,89,105,0
89,9.654280681764215,0.8459614536900857,3,0,12,153,899,0
31,21.16799309475747,0.2225246576944837,1,0,10,249,897,0
68,38.600085300895934,8.396981755704982,4,0,14,171,895,0
54,37.92245075511311,5.061813732478439,4,0,13,192,1172,0
136,17.290216170121376,10.770851618846406,4,0,2,256,1007,0
123,32.41831982863758,13.538550006784453,3,0,15,228,282,0
197,30.53591631008183,13.652375883714317,4,0,4,198,998,0
160,18.170496181695782,9.546611434498223,3,0,11,271,605,0
103,24.9471745090027,14.755599766107736,2,0,9,201,325,0
67,19.07218791360453,11.76571917382402,2,0,9,12,514,0
34,36.448547435987045,3.7941935021065274,3,0,6,147,666,0
198,26.988064695764063,4.3647421778759155,3,0,17,235,813,0
195,43.00531970267903,3.5870198120724317,2,0,15,165,834,0
172,6.713708590386766,6.314123019867313,3,0,15,98,1318,0
20,3.1457180277781784,1.187228160592747,3,0,8,140,475,0
81,20.715761440455367,12.228849359246958,1,0,15,86,717,0
34,39.693294499516604,14.59556341018411,1,0,1,75,795,0
118,20.478522886567177,5.7655933795595145,1,0,13,292,650,0
134,41.252737799862636,5.879688081380774,3,0,5,265,570,0
75,25.041911265333813,8.970800265403646,2,0,12,138,54,0
21567,78.94556122265993,212.45341605513516,19,9,3662,9664,3,1
21,14.42438622005917,12.696746105341472,4,0,6,170,835,0
59,14.021009295211108,6.828050639979624,2,0,18,40,336,0
88,17.74277923427536,12.286772234803347,3,0,18,42,835,0
133,6.864507355615618,13.302502109723324,2,0,4,248,531,0
158,4.012183650677434,0.45587445065522725,3,0,18,175,266,0
153,35.23311069836474,8.199574066178252,2,0,8,137,1211,0
37,6.190789279634709,6.013630875551292,2,0,4,84,156,0
13365,85.89737326346946,271.52259225932676,18,11,1200,2724,26,1
49,40.04667955629585,14.797094357270494,4,0,8,236,387,0
81,20.655439199374896,11.974517809833124,1,0,10,129,1400,0
3,42.2491715855606,2.9759232825449096,1,0,16,69,1027,0
194,41.988416229617165,11.158795035904875,3,0,18,52,1208,0
114,11.663562586017541,4.4392274468163135,3,0,15,88,1370,0
69,13.548210224442103,6.631158356653871,2,0,15,95,954,0
12,33.34110819235223,4.511376099580311,3,0,10,288,844,0
123,40.202850926390965,8.236872239249033,4,0,14,37,537,0
153,2.9388979090967813,1.5849924389439607,1,0,8,40,1041,0
94,14.972186811333891,14.060543883239562,4,0,7,56,724,0
34,40.19764353925846,2.181836447986416,4,0,10,41,571,0
4,37.644536578683926,14.201041935039726,4,0,19,29,401,0
115,41.7928676697708,9.677750547415028,3,0,5,36,1168,0
82,33.060876506410516,12.437844958036358,3,0,7,242,1093,0
41,18.391409878970943,2.429338432053295,3,0,3,117,1379,0
127,28.78243253360856,9.969340712700028,2,0,16,225,429,0
55,3.2153791866515427,6.3348975079143255,2,0,1,250,299,0
154,16.953661354165792,2.508917799750302,4,0,4,260,1123,0
9526,77.21319507023497,254.3063267670654,27,1,3504,15852,62,1
135,35.87417178120193,13.023584122818832,3,0,4,86,1274,0
53,11.518920899301305,6.400739294980397,4,0,10,208,371,0
28,32.6235969835369,5.087556366031258,2,0,10,212,988,0
144,14.8878614761547,3.2592149724832113,3,0,1,297,230,0
93,30.64527411049995,2.9150542250977898,1,0,10,148,378,0
113,33.43382621409212,5.749496873301156,3,0,4,218,919,0
79,14.197451070188997,0.30784037850948065,3,0,16,36,186,0
157,18.284919365181704,6.353117153143297,2,0,2,22,167,0
182,28.393317504642397,13.19259399900853,2,0,8,270,239,0
150,42.38217392669371,2.635274353053302,3,0,17,152,939,0
4,8.52778254171513,3.5413985884188706,4,0,1,83,874,0
68,15.107275888209978,5.58070014238225,3,0,10,59,926,0
117,40.77393486835513,3.312575039924637,2,0,19,77,759,0
65,32.17767601378431,14.338758558742205,4,0,7,82,216,0
151,23.250656726380456,3.293071077610892,3,0,1,199,701,0
4,1.7128174829365572,10.22532236493299,1,0,6,128,1225,0
148,7.3305508371503265,11.814121771053376,1,1,15,89,775,0
181,33.63160064788311,10.769339495951415,1,0,11,218,711,0
12709,74.64285630570998,241.61772103400673,6,12,2623,1819,81,1
77,17.82398656671163,14.796120949852991,4,0,10,250,578,0
135,2.108510214206092,7.5077924826935165,3,0,18,122,1268,0
4198,89.99768947489078,99.9247910684074,31,6,3943,4340,144,1
110,34.21240816794258,3.480821431932743,1,0,10,243,1339,0
7803,85.20362874325238,245.73505126749353,38,14,693,4178,40,1
129,40.6853686569626,5.578856771100393,3,0,5,254,1045,0
105,32.434663219134656,9.706875226192384,3,0,16,151,438,0
84,2.5361083168738476,7.266029960456122,4,0,3,115,1340,0
123,11.304948320758703,9.544362299156328,2,0,6,219,945,0
7589,88.8924748804319,154.82607063352145,47,14,3647,14763,56,1
55,37.41233430005806,1.63688673708758,1,0,10,220,1326,0
185,33.95437863785754,3.9181983659471813,4,0,6,169,834,0
59,37.50089658284822,0.45723416591032207,2,0,8,187,89,0
162,8.655005578959358,9.132283707619692,4,0,0,269,377,0
87,29.49087100508718,3.7745995980910427,1,0,4,21,520,0
106,34.934695257459836,4.785701874411007,3,0,16,195,792,0
184,16.205501778315774,4.4087559824610025,1,0,4,247,1003,0
4,23.002563404407816,13.310184982917301,4,0,7,30,1147,0
71,32.6119736821922,9.029235015571519,3,0,17,208,1301,0
16,21.15325912969022,14.135672558569688,4,0,19,153,208,0
18,31.435685021926307,10.326862438022324,4,0,2,130,37,0
97,12.981877475967643,4.786311825915668,1,1,9,135,265,0
194,25.93063139184037,6.394442271460099,2,0,19,18,1305,0
32,36.200153197601985,6.019640264893995,4,0,4,230,1128,0
199,38.127766000965465,11.263335759854384,3,0,8,282,1044,0
114,36.3832848592909,8.515805527007302,3,0,1,77,1202,0
0,35.85641257127375,0.40398399925427453,1,0,13,107,714,0
167,24.141649383664213,11.668231392925618,4,0,4,235,851,0
186,44.12024038065994,13.347476733909506,3,0,14,292,1302,0
138,20.18606686121748,2.821679427969504,3,0,1,17,30,0
37,19.80940397997179,7.753137420536899,2,0,19,115,168,0
174,2.652914099935146,3.5112408084777345,2,1,9,213,546,0
163,8.402409480773642,8.666807049121656,4,0,1,20,199,0
180,11.697479338597422,7.6496988949938505,1,0,3,149,305,0
104,21.9044149904357,7.029026338487024,2,0,15,134,1070,0
48,21.426494868525896,0.4115517337950011,2,0,3,214,1174,0
83,2.986660034140846,4.017571289718991,3,0,5,35,1063,0
92,28.392173433377007,10.948756936279361,3,0,16,224,1222,0
148,27.17328469808402,1.1566512524346861,1,0,6,115,438,0
123,16.761637814695202,12.281232997775998,2,0,18,27,472,0
69,24.555301794712896,1.2304874542383086,2,0,10,178,86,0
1931,97.88468911981819,149.3823791983078,7,9,103,19083,41,1
81,6.580256992218427,11.615821652089611,4,0,3,55,1103,0
165,23.383063305515734,3.9058813875867484,2,0,4,34,619,0
55,36.719495607439,10.757029116891234,4,0,4,32,605,0
97,17.842500417733785,1.513775029198862,1,0,17,243,833,0
46,15.606746208377201,11.130664159574875,3,0,8,124,865,0
78,14.641497056547802,11.808426931300819,1,0,10,268,921,0
192,10.39588559757502,5.868244583670109,1,0,0,269,488,0
88,29.815913418505797,3.4017421135477655,2,0,13,236,758,0
148,41.86559053304166,10.61337726766973,1,0,18,17,572,0
172,14.38953404011803,13.4658738921352,4,0,14,62,440,0
20,41.20669153042341,13.228466710512832,3,0,13,245,1445,0
36,41.01552121761177,5.510617786295575,4,0,19,218,1321,0
167,2.429410254367258,4.868163739781244,4,0,6,294,166,0
178,22.273915744699366,0.8577241356227234,4,0,3,282,517,0
160,22.513840763291892,2.1738982610940067,2,0,0,286,373,0
112,6.692747146534839,2.4669051099649413,1,0,17,136,470,0
25,30.326966974493537,10.45892187064126,2,0,18,32,24,0
39,9.116198246634868,5.318525553473443,3,0,7,270,1147,0
5,37.40129458843882,11.17880961759569,1,0,18,218,967,0
183,33.09894256696329,7.687252620166035,3,1,2,92,802,0
158,9.987284589201442,11.849868300116217,1,0,6,194,554,0
34,11.852883661170225,9.043017951679452,4,0,3,150,882,0
121,17.7618811810329,14.159121735638957,3,0,13,201,226,0
199,22.05524827645899,6.103061462645724,3,0,16,91,654,0
114,29.124880493158233,8.993167225688914,3,0,5,187,1024,0
30,43.40214830223016,4.364094974888819,4,1,8,170,1312,0
124,38.784778615301526,8.36223707979538,4,0,16,289,1394,0
42,33.87144375367727,3.400754563345269,4,0,2,232,1219,0
24,4.757973243563673,13.087091010299867,1,0,3,101,580,0
16396,99.0566472725559,291.84122248549187,48,6,721,4294,125,1
64,36.35565701635455,13.870854679155634,2,0,10,196,595,0
133,20.897464404475596,5.232130497584799,4,0,17,260,226,0
188,19.4557117341218,9.102191678771618,4,0,8,229,1122,0
33,25.990869081907544,12.445100867764477,4,0,2,225,574,0
92,41.99657774592636,3.3796364672855366,3,0,12,255,29,0
57,17.391464045420236,10.819953518282581,1,0,6,244,881,0
48,18.71896372376065,0.23769966724216407,4,0,14,174,302,0
108,7.816713690311477,1.6012173749976868,1,0,3,191,1178,0
14,8.427640254520824,4.046507241422214,1,0,10,126,365,0
5142,88.48764762514637,127.48629717000222,5,13,4515,11559,145,1
123,3.3243393319785093,13.642422861758371,4,0,9,136,592,0
141,17.587391360621034,3.063860524684648,2,0,9,244,1346,0
21326,71.00542922036077,112.38141606326627,42,14,3347,8948,29,1
118,11.061513060922547,6.27783892970752,4,0,0,149,1239,0
66,23.488128144785513,10.133533037544545,2,0,14,23,1341,0
36,21.987269275176764,11.108195246172428,2,0,13,57,553,0
26,12.550452781259288,12.609543926483788,4,0,12,187,1243,0
183,22.262211338519148,6.860931027730267,1,0,9,103,1147,0
103,41.404541556718144,3.66090015755958,1,0,5,58,158,0
15133,96.67726760751408,99.27784617391787,28,14,987,5360,198,1
179,15.203630911705414,9.693632120571383,3,0,10,225,258,0
164,5.050947387628919,9.990495196727517,4,0,4,67,878,0
56,3.1279592861463583,12.81908593506656,2,0,19,193,915,0
16300,74.25817072174785,248.59796032948557,16,14,2868,17926,117,1
94,34.81757856018089,5.233137811571542,3,0,11,111,1085,0
90,24.56386881630312,11.86613684551206,3,0,17,242,479,0
189,36.64708795822691,7.8128201417725744,3,0,19,117,311,0
39,32.914361192378635,11.307107894639223,3,0,13,291,1454,0
164,37.319355412939665,14.90721923124218,4,0,4,133,104,0
51,37.16093020112771,9.57034288192199,4,0,4,268,679,0
101,6.592515005912578,4.485393989045415,2,0,3,124,779,0
104,40.907362811282724,9.477388645171182,3,1,13,260,722,0
128,34.838689859027866,11.761508286060861,3,0,9,183,841,0
4,18.361181874032646,8.378695604767803,4,0,12,65,384,0
40,4.789814118801935,5.93266863483762,4,0,8,214,673,0
143,24.686605503251393,4.014130317212077,1,0,15,58,432,0
170,6.245259484985228,11.885960703574568,3,0,18,19,136,0
25,18.037818213249107,8.02662594223465,3,0,10,183,993,0
101,27.623135151260723,9.836985087667887,3,0,1,122,450,0
179,5.252372708661101,12.17988393193315,3,0,18,106,215,0
49,29.525091201147266,0.9180828745705375,4,0,11,205,1475,0
128,12.136467723902786,1.205225314355252,1,0,2,177,83,0
131,14.537879937029736,4.5836941901647394,2,0,1,82,473,0
92,42.94972669281218,8.27774215834276,3,0,0,136,1186,0
89,16.043832236641574,5.516365414802073,2,0,3,164,1364,0
103,8.6844761794385,2.4048042379544317,4,0,4,186,1391,0
91,16.498162903112792,9.804666468670964,1,0,16,274,415,0
118,18.319962892207453,7.798297471673727,3,0,10,86,1153,0
157,9.634811535071288,12.44283436946453,1,0,18,103,988,0
118,3.418517500952171,7.460408984138018,2,0,5,53,1232,0
172,4.330788001630649,7.389322105452551,4,0,9,30,1045,0
14850,82.10253929626884,239.75811670135414,46,14,3516,1645,144,1
68,24.944741150162898,4.300859576692201,1,0,3,44,25,0
147,33.240272890591264,7.75017400717472,2,0,10,268,999,0
53,14.246027424709773,11.69037781249947,1,0,11,281,887,0
142,7.676688169934307,2.873859032616447,2,0,3,55,10,0
57,6.156971849930271,6.437811794422756,2,0,8,36,249,0
197,24.188335481587483,11.599901480325695,3,0,11,23,1188,0
101,34.758269343005814,6.438924794419549,3,0,16,191,1337,0
44,19.55535517114032,3.7043960116171917,3,0,1,216,1070,0
2,14.61666015989844,13.061598414965781,3,0,16,240,1085,0
53,23.809583571854866,1.6886271648008102,1,1,2,211,1158,0
67,2.225006255553797,5.870638487762416,3,1,13,172,609,0
195,35.54281252604297,7.566683542297688,3,0,14,264,1035,0
54,41.23097947732528,12.884128818637643,2,0,12,130,791,0
24,30.812015428086138,5.966415627830259,4,0,13,183,329,0
194,36.24130374782293,8.713318232853991,3,0,3,102,1456,0
6,3.7036367657546503,1.9949997193316154,1,0,9,235,1029,0
189,22.673039113145094,7.342257374349946,2,0,12,157,501,0
140,3.207715414078856,3.246254757735712,2,0,10,228,1496,0
148,10.907085065501002,4.939503839167372,3,0,13,41,1418,0
129,42.656284072629404,8.753872764816787,3,0,1,49,95,0
20265,85.93463867290227,45.047627916084636,38,14,3714,4763,187,1
134,24.773173897505984,8.10382289190003,1,0,4,47,1169,0
100,22.295532199908873,3.8770569235321366,3,0,13,187,966,0
92,31.915701363268294,13.585813038485139,4,1,3,170,581,0
83,10.282675187277817,7.144620844993587,4,0,12,40,1132,0
112,1.4714730985957938,0.10078712129122235,1,0,18,127,1244,0
13,4.7262870425135,12.397095196102438,4,0,5,253,972,0
154,23.489000093538024,13.643815289531476,4,0,17,233,121,0
21917,99.64138523146622,264.95066065673495,11,9,2034,8590,133,1
162,21.640717286093462,12.642949764529401,4,1,8,278,414,0
35,21.751560068591516,11.928155091014384,4,0,3,28,1434,0
67,13.812644019851463,6.675188261719156,2,0,4,227,657,0
157,4.037625224100497,6.34681381485259,4,0,11,78,1110,0
80,23.025489966956577,9.056131714358912,2,0,11,276,808,0
20,21.86958125421093,6.988694612143311,1,0,6,68,910,0
138,20.757661456278313,4.862310070070261,4,0,16,239,1084,0
72,31.488490085890696,13.06896690027697,2,1,5,178,49,0
152,15.67964941682209,13.469747586671105,3,0,11,165,790,0
32,14.768460113268194,3.05575084373075,1,0,11,272,914,0
0,9.519447631000276,14.278893081246842,1,1,4,57,582,0
164,4.738516755136523,9.598732163719031,4,0,12,207,870,0
34,36.10340597900719,11.907604370175022,4,1,19,216,1028,0
46,41.98795391268689,12.526462355276538,3,0,19,35,156,0
10,10.263253491386973,8.058115182279396,3,0,3,260,715,0
11378,79.46359008534367,118.79092245878599,29,8,291,14065,10,1
64,19.490982479531844,8.03198114652397,2,0,0,244,763,0
134,43.592975570012506,6.112489220957718,1,0,19,155,713,0
10515,71.93918595861409,62.44600395148306,44,6,3095,7421,182,1
71,7.903715462429284,3.2998296207937323,2,0,7,58,1026,0
64,37.428697999993744,10.918980418704335,1,0,17,145,173,0
112,21.040485168279915,1.378580498470639,1,0,5,231,1384,0
162,30.293670571676163,4.92724398776693,3,0,12,103,110,0
190,4.260638593294152,2.551428048652905,3,0,10,113,1030,0
104,2.8568206175771316,13.350640385040455,2,0,3,91,1090,0
10,42.27997159108779,5.808211360499708,2,0,12,73,1138,0
54,41.09892436345975,6.867095305499681,4,0,7,297,66,0
96,40.048633369366826,10.332840154397827,3,0,17,179,131,0
139,5.0927660075576995,8.174014581815678,3,0,19,185,830,0
163,28.253158652126086,9.921417614542001,4,0,16,156,486,0
14,13.227209543461264,2.378018023155173,3,0,14,99,1362,0
133,37.35899568180822,13.156755993006668,4,0,18,61,1117,0
47,24.621802446115208,8.03172597854783,3,0,12,243,187,0
187,24.52060564287758,11.33367149817722,1,1,5,215,846,0
64,22.83538512682391,5.078731033519547,4,0,18,96,128,0
4,42.02753504860344,13.530664166478791,2,0,15,49,1195,0
3,26.81047644580066,9.543307689194434,2,0,13,80,1157,0
163,12.966000613520741,10.145872523466213,3,0,7,265,934,0
112,44.36643229392322,14.764057896299903,1,0,19,47,408,0
195,43.3428745291731,6.532819075258453,3,0,12,222,574,0
138,32.446627916291376,10.208057881448019,1,0,18,70,508,0
1,42.76837155726328,9.487106318153195,2,0,5,154,791,0
194,32.6782197322571,1.5925229609362153,2,0,2,41,1313,0
128,18.925946779606157,0.15047893494132314,4,0,6,56,55,0
24657,87.69091824031332,239.89264223437533,16,9,2871,15033,6,1
199,9.851710220710697,8.042155366175008,1,0,5,183,496,0
157,8.674007752905979,4.371242661176642,3,0,4,100,163,0
21228,79.4486034842639,145.8934847600745,48,2,736,7080,119,1
102,34.38615516532231,8.729034080122231,3,0,14,274,1230,0
134,36.16295072861041,13.96903431793695,1,0,4,38,333,0
35,38.06842070076531,9.659397403919987,3,0,8,150,1451,0
171,37.738098102293144,8.693736626795271,4,0,16,186,125,0
156,36.63667449332757,5.889114105290027,1,0,17,50,705,0
12,7.813077991290006,1.5934010239789755,2,0,9,80,659,0
10726,96.42462007889051,158.70019581647747,19,7,2721,8939,82,1
171,24.473129184770446,4.160959953606134,1,0,1,188,173,0
7,27.83176150811715,3.607568007738747,4,0,0,204,138,0
28,23.21610385500613,12.082623318736937,1,0,10,274,605,0
193,1.7974578060121083,10.728493769568956,2,0,7,68,647,0
16523,85.80787932012467,87.68525677164287,24,4,4667,4061,198,1
112,8.972064278203643,8.856778102287999,2,0,15,289,334,0
92,1.3120397620723234,10.18852138207151,3,0,13,174,1176,0
192,30.34480768818195,4.90284302540606,4,0,6,209,404,0
52,25.89438841300384,2.3240933887717845,1,0,6,216,16,0
1,28.78054301630857,0.18598285326522312,2,0,18,44,811,0
139,15.112277621709135,6.5656352195074685,2,0,3,290,1174,0
46,8.791619237480752,8.60571008061026,1,0,8,265,966,0
146,13.84215578960159,6.297156340697469,1,0,15,167,1443,0
180,11.42506629589254,14.937455279920787,4,0,7,101,1195,0
31,11.589502649314735,4.769204155812333,1,0,18,29,243,0
5667,97.43888312702363,155.19124112908074,12,10,3043,11896,94,1
30,37.90956992377903,2.665694584643739,1,0,18,18,1186,0
89,12.895337981805712,13.356436507380643,1,0,16,234,222,0
66,39.30318651585291,4.609341075488537,4,0,17,94,1099,0
113,26.05787937481734,3.288705986290726,3,0,16,126,579,0
37,7.487972366749935,3.171577788174445,2,0,10,160,1215,0
4774,70.86569099540442,157.81599387343624,25,14,1753,10949,189,1
63,30.2165380349745,1.0810482511789543,4,0,8,234,384,0
142,24.687976492445003,7.660171998289913,3,0,6,24,102,0
96,12.101848389946731,6.166748047160162,2,0,18,141,750,0
78,43.79300236858842,12.720479327297344,2,0,4,214,1404,0
153,20.04495652651558,8.442259167097058,2,0,14,104,138,0
47,14.397578671577337,11.732917677427178,1,0,13,163,196,0
97,43.59536078383228,6.83284876531894,4,0,3,282,661,0
160,36.535538260770906,14.234976749827817,4,0,14,198,1063,0
164,16.66696116124237,11.406032726294262,1,0,9,22,800,0
178,28.4446957340164,10.709872684494163,1,0,8,143,865,0
103,18.46765513712886,6.717283777113556,3,0,7,133,99,0
163,31.463589470794226,4.122607189146384,1,0,15,226,12,0
147,31.4866508186527,6.047210750299876,4,0,8,158,225,0
12,15.76680674659966,1.7236772766283455,2,0,11,112,86,0
72,30.174076439350586,8.196747197754135,3,0,18,99,923,0
20,23.204040671007135,11.21919792581806,1,0,6,267,1234,0
140,30.357342836543967,5.067180787936786,3,0,2,81,312,0
121,10.27489646820126,13.421961401941898,1,0,7,159,886,0
95,3.51235945158776,6.549481491255497,2,0,0,280,1052,0
170,14.26407220206939,1.9985696720550468,3,0,17,286,62,0
31,9.698373337037452,2.9041797270299483,4,0,8,175,152,0
11,4.828757605322705,4.278902040649321,4,0,7,114,750,0
69,30.579030240944565,1.9950185591244127,2,0,15,51,857,0
27,30.792126530480353,13.059551663407495,4,0,0,40,881,0
131,4.025171882589449,3.716453303298889,1,0,14,233,1306,0
182,21.49192541736989,5.158980895047329,4,0,9,47,504,0
29,23.06679025540732,8.897348936307582,4,0,11,198,226,0
101,8.705418165735543,7.994524945534847,1,0,3,141,35,0
152,21.752577593026196,5.567671694073229,4,0,9,53,293,0
110,36.51111977013493,3.9307317319871653,4,1,14,297,1138,0
11416,90.03603276225971,243.23890748921357,27,7,2060,9432,6,1
181,42.205706577649934,11.997589857698305,1,0,17,92,1305,0
124,2.1926927027942567,13.962232539282711,3,0,14,20,1247,0
24,26.48978972269228,13.472881643114475,1,0,14,250,1170,0
129,28.528634734800164,1.0609111387921095,4,0,5,14,1052,0
135,42.393037806316286,10.06929225124802,2,0,3,129,937,0
0,28.42870090223591,5.078632536954983,3,0,0,291,1213,0
79,11.11237593509521,1.337277491371778,3,0,8,170,82,0
5156,76.33784059080531,76.27319279350792,11,7,1593,12381,175,1
152,41.02219720888155,10.972524448956142,1,0,3,28,158,0
95,43.51606910092018,11.084692391022418,3,0,12,132,772,0
180,9.365665718023049,7.626969101688714,3,0,19,131,672,0
138,22.391640780614853,8.146434964684246,3,0,18,24,1136,0
21474,88.9213491192568,71.80064319025821,39,11,3864,6167,101,1
183,37.05482556149607,4.902766345827057,3,0,4,81,719,0
168,42.58075214693373,12.229596898673876,2,0,13,112,651,0
119,25.19421676215303,9.786377521984978,1,0,12,68,1179,0
24,4.978435022833073,1.534072717996674,1,0,11,288,898,0
194,19.55806664518954,8.227773406048733,3,0,9,233,1079,0
67,29.78637431759399,1.4905889920204134,4,0,19,116,1073,0
144,27.567335469125148,8.598752883685778,1,0,3,270,119,0
26,31.5337819824469,6.764367225541118,2,0,3,282,18,0
85,37.22402135792133,9.758316743983482,1,0,17,270,1109,0
187,15.969811755855309,6.552810126654021,2,0,0,292,833,0
55,26.250097385792238,0.6092162767122025,4,0,7,35,438,0
5093,91.20306619001816,50.22738048808757,6,3,1265,11621,119,1
161,29.578392907127682,2.198942198867834,3,0,10,289,196,0
81,33.536646262504,11.510185961464293,4,1,14,105,948,0
53,14.048636137060951,2.099616152262619,3,0,9,237,1473,0
98,7.312656108792883,2.1408028547091145,3,0,11,297,567,0
37,26.032541857167516,12.305551051433824,2,0,0,118,556,0
54,22.448584760414857,7.20424883611571,3,0,12,189,1093,0
111,25.225107919820026,1.5037344178261578,2,0,16,20,1189,0
1677,77.09600354151839,25.779615308842576,27,5,638,12304,178,1
149,34.09303063866689,6.095321039166477,2,0,17,233,807,0
103,13.762003406347223,3.271466281971526,4,0,16,34,872,0
127,32.000394833207594,0.795603816499179,1,0,11,225,311,0
150,12.124845630372727,7.119134475497246,1,1,17,92,936,0
115,23.813690897458578,13.801006370801204,2,0,4,216,1496,0
148,23.89014152053596,3.880082766937581,4,0,14,228,884,0
2,38.990989422732916,4.509302599806296,3,0,12,86,896,0
67,29.544873011380798,8.786977846917631,3,0,16,218,1180,0
151,10.505383377295177,14.324101014896378,4,0,0,51,406,0
66,11.364901122158056,9.071317268897511,3,0,6,61,471,0
195,44.07740099483337,0.2392398069450386,2,0,12,289,180,0
112,35.28051380141462,9.592008547204049,2,0,14,252,469,0
24,21.87513622247566,1.9567516948420658,2,0,6,247,143,0
187,34.92940389748301,12.172861044707576,4,0,18,84,1410,0
8,7.480124796292001,6.150623775140588,4,0,6,164,1463,0
21040,70.28792559614189,48.91000785970449,18,14,2648,9692,84,1
15,1.9671998516234082,6.647778527064513,3,0,13,225,1007,0
18,25.779233091974014,7.702217417768222,1,0,14,166,293,0
43,8.89204600853726,2.9589104476270727,1,0,4,172,941,0
14,27.126347805511898,9.692182060708545,1,0,5,65,104,0
124,10.684898339809138,1.8179862460518352,4,0,0,160,283,0
144,5.512990353677951,5.225296581113915,4,0,5,299,1451,0
40,4.846339546327689,5.471940475989552,3,0,2,261,1376,0
74,42.181238922936615,14.892779274971614,2,0,3,48,575,0
50,27.86405722067868,12.627697571892806,4,0,15,49,522,0
97,15.218389560294359,14.649593365392976,3,0,2,280,655,0
14034,81.9630277156231,287.56236587594367,33,9,1051,14789,101,1
167,39.2100190536651,2.2100091242067,3,0,15,22,1066,0
182,12.921478725920078,12.499220560563863,2,0,9,157,1427,0
46,22.543476330210773,8.031335021337677,1,0,15,15,488,0
108,4.906023746074237,0.4322954029897894,2,0,1,241,1353,0
14,18.94091662012022,7.069597641267935,4,0,14,122,1243,0
177,39.05977895314216,9.181626324496522,3,0,12,215,829,0
185,39.435507626789445,13.58566410413777,2,0,10,23,1493,0
26,15.097656590169455,13.543459784133848,1,0,16,183,967,0
75,3.400877964438754,0.724017868197755,4,0,3,242,353,0
133,16.018020421802294,0.24213041498061966,3,0,0,134,1063,0
180,7.220876385518968,3.9799206453015676,1,0,9,134,231,0
187,9.765666176831367,10.908305064761306,3,0,13,130,1290,0
22021,71.48964306845073,87.79873320169102,20,7,1095,3548,152,1
23341,97.10500102908237,299.8308463718178,48,12,2045,12679,45,1
125,44.50898381736118,2.0326232440514005,1,0,18,96,155,0
151,11.573161431816137,10.634764422910976,4,0,13,22,250,0
37,1.3792361140383322,5.716554578125454,4,0,3,237,1048,0
8695,98.98357462001599,26.15833491253783,14,2,3719,16204,156,1
185,34.40887030441284,3.4917247837089462,3,0,6,139,1341,0
20058,98.8860891921548,157.47498370230468,46,6,1981,18696,38,1
21,36.72658066519528,4.514210724420083,1,1,12,166,1034,0
144,30.71015685272965,3.6793847792936254,4,0,6,211,442,0
3718,85.59415441782973,172.26488460911546,28,14,2360,18325,147,1
67,25.722586074626577,2.0106262148262344,2,0,6,82,1370,0
61,16.94091356000901,8.39858616579621,4,0,15,88,26,0
4552,94.71359268044918,123.44755740328824,21,4,4438,17707,133,1
128,9.812408786175538,10.0435323294509,4,0,4,76,1322,0
172,2.3733966549048926,1.6694750242499683,1,0,2,208,872,0
11256,71.528699610356,47.272254624515554,15,5,2404,6120,144,1
184,40.33481452835021,3.008101764096093,3,0,18,105,142,0
38,42.7467818984444,7.332048330947802,2,0,11,53,332,0
94,34.933891872777764,4.140549007096931,1,0,5,44,358,0
72,35.7825987314805,9.735424022082587,2,0,14,136,281,0
46,25.17412061068244,3.1138704079562523,2,0,14,257,1399,0
56,29.59067405762918,6.792308220709967,3,0,13,224,960,0
1594,75.22127437231404,42.01748281462872,12,12,4614,19114,58,1
81,33.086570960292995,13.207835942597216,2,0,4,197,799,0
88,4.31226353267364,9.328334458450854,4,0,13,197,1078,0
125,35.329356535567875,12.28797308905036,4,0,19,250,476,0
171,9.752910310981687,0.973004226881018,1,0,4,120,1276,0
159,6.734099059582778,0.37500064374103736,4,0,4,288,702,0
46,11.938614922985478,9.535923886761632,4,1,16,287,169,0
162,14.354172002509898,4.8372960126316595,3,0,6,216,814,0
187,28.57931572285313,10.649554381568885,4,0,11,64,285,0
92,41.204009736284206,1.810315552043125,1,0,9,222,524,0
34,32.21011645279482,0.4434016172584504,3,0,13,204,1496,0
2,25.053799655481715,7.675249052004943,4,0,13,135,1036,0
113,28.290333354289302,4.119961262596226,4,0,13,190,1411,0
112,38.795144073377685,12.828588620597207,4,0,19,175,769,0
66,15.104973784725958,2.7765440129448975,1,0,5,225,550,0
82,18.042190790913818,14.048271015948007,4,0,9,38,837,0
22,41.86982019320489,13.617923192428472,2,0,10,13,1344,0
173,1.8788090334332375,1.5954756769163039,2,0,17,120,701,0
106,7.572791993963012,0.6224677403789087,1,1,15,149,1432,0
148,4.386644052352764,4.016922459640957,4,0,2,89,157,0
162,3.9924502059065023,12.286927928095304,3,0,12,289,1383,0
50,39.1416293731909,9.244311509627998,3,0,8,220,92,0
171,7.750166825119873,4.348484310192559,4,0,3,236,1201,0
38,2.525598985946921,2.8643370313400163,2,0,13,123,301,0
126,35.88135699720376,9.925406378063752,3,0,17,252,33,0
12,32.65307884529209,1.4206313237687536,1,0,8,229,815,0
58,12.546307594633436,10.352896756289727,3,0,10,125,1465,0
140,20.273939339836886,7.446223310949051,1,0,4,152,1373,0
6,20.449470520969435,12.081227766310862,2,0,13,100,876,0
152,33.99383697668382,8.50808586358047,1,0,15,275,672,0
27,43.730639924204574,12.18632279779907,2,1,11,172,1242,0
181,18.103959306568054,8.426728977224531,1,0,6,251,1091,0
182,3.56246455609211,4.939879235253465,4,1,3,165,955,0
161,42.04869395306557,1.8324778363639218,1,0,6,162,1126,0
13332,74.64275804020446,98.44182386614524,49,9,726,7684,108,1
148,26.455840000955384,11.895437075527639,1,0,17,99,1339,0
74,6.678865492478771,11.86106888687423,3,0,9,184,129,0
131,31.17136182828596,12.949824849167028,3,0,2,190,1360,0
67,14.242518063791355,8.484062461281868,1,0,18,35,886,0
141,3.946838929111947,8.27909461504013,1,0,15,285,1060,0
154,12.121697837851219,14.24748193291351,1,0,15,269,100,0
130,18.753162637187984,7.876078482719426,3,0,5,220,328,0
7739,76.01004859815662,34.290632743518884,45,9,4305,4520,151,1
193,7.662059533187742,3.7106533806701893,1,0,2,155,1201,0
173,37.32353302689829,7.908161281027045,2,1,15,36,1306,0
11,21.903954406137796,2.6527357123701867,2,0,4,149,1185,0
107,9.376798597069527,7.684151337691011,2,0,14,254,578,0
161,33.518946941332395,1.9928002820011528,2,0,10,155,80,0
188,12.858521940859996,5.252845697612949,3,0,11,97,1326,0
26,30.656876438586877,9.139670915648498,1,0,2,183,110,0
53,19.140308024593285,7.796543004800007,2,0,3,17,1059,0
1,7.8130213644880175,0.5977047980037733,4,0,19,19,165,0
129,32.09058167574558,8.031422924360669,1,0,15,107,603,0
41,12.799672180776186,11.026585839881248,3,0,14,146,1442,0
156,23.126522882885734,7.312180209394941,1,0,1,129,669,0
44,17.869474206563392,2.619648116267707,4,0,4,58,300,0
67,23.801052216030918,5.686971781210485,1,0,7,261,1232,0
123,29.79104824167967,1.906846911051137,2,0,11,94,905,0
11626,83.35136732934774,260.87646198789946,17,11,1791,4488,83,1
5,16.088905161404618,13.696027308032491,4,0,7,236,879,0
25,26.415797191154596,4.550215145074491,1,0,14,12,685,0
59,38.76620931066975,1.7334600966112523,3,0,2,144,1320,0
137,26.37490554974128,13.285408527990002,4,0,1,41,382,0
69,23.242914835833574,11.107792630887106,1,0,4,273,1156,0
170,1.7441631965507223,1.724099848958344,2,0,3,213,761,0
43,23.17908350893067,13.075075329156707,4,0,10,194,1186,0
7,11.477493103175945,6.991164682785328,3,0,18,195,568,0
44,39.70246585531753,1.0945787972762782,2,1,18,242,458,0
179,43.82883524325213,11.37242489408007,3,0,13,211,219,0
21211,72.16795710562073,243.23997916480405,34,1,3140,8046,170,1
114,21.20145702461396,11.808546415240816,3,0,18,33,557,0
89,12.513540132050284,5.725426802633802,3,0,10,70,1403,0
3,41.94957924474552,2.307195438044108,3,0,8,231,756,0
76,42.04112931865378,12.304699160047548,4,0,12,184,1029,0
81,12.814003352689797,11.698094653862853,4,1,4,247,77,0
47,8.94893181769734,8.368156523998593,4,0,1,65,102,0
170,31.159530861763667,8.44919524781982,4,0,7,76,887,0
18,24.46623610582262,12.959128810829244,2,0,3,262,926,0
19134,70.66901158061962,252.5433140089737,34,14,606,8879,177,1
129,41.764407110072135,9.678217523154496,4,0,19,166,590,0
11,29.441924510035918,13.648631781450137,1,0,16,29,731,0
118,11.7687835040248,2.5897913077079453,3,0,19,154,329,0
8,29.57018228138279,11.32436268500093,2,0,19,247,101,0
89,5.54366039050213,9.701905227484268,2,0,12,20,643,0
43,43.15807727139783,2.316945429352378,1,0,2,279,410,0
110,40.434394962429856,3.882871763319916,4,0,0,81,942,0
74,39.140145370293524,3.448775568842627,1,1,5,299,28,0
9326,70.37290936891739,216.18262551456164,17,1,596,17930,29,1
130,6.986474314992289,6.747103176165297,4,0,19,200,993,0
93,3.3216713458225153,7.677229483315848,3,0,6,152,73,0
110,15.843799447720304,10.569143884222417,4,0,16,53,819,0
2464,77.54113387721503,111.3895480932881,9,13,4290,12592,193,1
56,40.48497156840345,7.018542997447777,3,0,10,203,1310,0
16032,74.0293689933756,99.92986481012427,9,9,2119,9397,15,1
73,15.698004130478221,6.567659119058108,4,0,6,109,228,0
20179,88.0700247382348,84.0686438961727,29,1,2358,16648,84,1
18767,94.51720727532917,28.595600887594518,36,1,1708,17203,67,1
43,27.963016763606458,12.80133939606391,2,0,8,84,10,0
128,36.31868583478495,4.537925490564325,2,0,4,122,971,0
167,30.793467593232812,12.013721797119844,1,0,14,96,708,0
31,25.899098624477396,7.998318604024917,1,0,17,142,990,0
10577,90.8049401848552,187.83495735114414,42,12,3378,18112,49,1
184,32.44914416353362,7.071105993248982,2,0,7,175,31,0
166,22.926653244946436,2.408632601535245,4,0,9,110,875,0
44,14.031777684595935,10.114365498505094,1,0,17,45,709,0
75,19.69094397858212,1.2432378417302679,3,0,14,207,989,0
4,19.311081641870942,4.711275530003517,2,0,15,116,388,0
46,44.588280435575875,9.221915042532515,1,0,6,146,337,0
84,32.19160027506963,9.95084574370318,1,0,10,292,598,0
127,36.62570159569913,13.190108163186624,3,0,11,103,616,0
141,19.252328842939487,7.8950564322828605,2,0,5,180,1365,0
38,37.21128742183777,9.08800982130366,1,0,3,190,1434,0
37,42.962959565635146,9.44436207151065,1,0,14,111,1351,0
11,24.420842541863994,9.303649334210004,3,0,5,212,1476,0
6508,79.16669902483041,283.9340427208499,18,7,4957,3739,150,1
114,29.12074526776708,4.819085118175719,4,0,9,109,79,0
186,5.021225398598162,6.018084606125219,1,0,3,63,1226,0
135,28.078872261448772,6.11319884749906,2,0,3,70,1323,0
27,31.03178106575491,14.430260927347485,4,0,7,73,185,0
18019,79.09684841870147,275.00413899896677,42,5,2562,16293,95,1
158,8.326156070178664,6.4688846207627435,1,0,4,90,1273,0
60,10.446619048387639,14.544646697570588,2,0,9,151,961,0
173,44.11803968376425,11.831154978115189,2,0,1,282,1161,0
10,28.13847874551181,0.7533181021997855,3,0,11,218,181,0
26,12.284374684737703,4.14358278668581,1,0,12,269,577,0
57,31.529987062449358,13.312342439993976,4,0,0,82,519,0
161,14.544042601149243,8.163702032269663,1,0,1,100,377,0
153,38.469581600758445,1.6925622887967677,2,0,18,278,1207,0
62,11.119725174382582,12.708288605700163,1,0,4,167,176,0
19780,97.30030963181068,219.90554934348182,32,10,1329,4633,36,1
172,25.01298591029517,14.324098949064831,4,0,17,164,1207,0
155,39.78537606191206,0.5975587525012752,4,0,16,120,343,0
7253,74.18625554330212,190.59261750364206,38,10,2260,11715,167,1
0,41.594565312134144,8.938024333354301,4,0,8,241,671,0
23510,94.8551545015675,298.07412921627497,47,10,3452,8008,96,1
23,25.444181074967275,10.850525519667013,3,0,10,281,501,0
112,18.683036795192123,10.666792486536629,4,0,4,231,750,0
183,35.32211582976191,6.378516424086438,1,0,17,241,1342,0
53,28.419586679416238,1.3968001198641584,2,1,12,224,753,0
186,44.65396813705764,0.7667963655009484,1,0,12,82,792,0
176,23.940588944844613,1.6462431586576365,2,0,4,195,1424,0
172,1.4324123130706652,6.704476277976936,3,0,6,157,14,0
95,27.696195887567203,9.79403719645634,4,0,15,172,875,0
53,44.5647892278221,5.753974570842625,2,0,1,58,291,0
174,31.4732032034136,13.775257849122797,3,0,18,45,532,0
103,28.78051434612304,6.333609272589016,4,0,4,255,1394,0
29,22.671556751428728,2.8688976279236043,3,1,3,276,439,0
165,25.06999520708542,5.858756470672314,3,0,7,226,844,0
66,28.259152801597345,3.983929100175316,2,0,5,238,1245,0
69,28.988647924319217,8.494417735925866,4,0,0,213,285,0
126,19.693437086195825,10.500058025317108,1,0,10,202,1496,0
117,26.453670362090524,1.3953994543145873,2,0,14,39,339,0
185,41.84839228715484,10.504868526714345,3,1,4,243,1324,0
20,35.33608213230279,1.9023138673535358,4,0,16,194,943,0
136,23.53946481055546,13.382662709856765,2,0,13,156,1466,0
42,21.763710464839015,1.6618573500174068,2,0,11,270,640,0
28,2.7725628262319324,5.422905325735029,1,0,7,54,249,0
36,20.74946008868813,2.258990023679456,3,0,3,185,529,0
11,11.946838704523792,6.177485410070348,3,0,14,68,1363,0
156,11.478452761290638,1.8920373506162422,2,0,8,126,524,0
183,25.509782584101544,8.674965175188978,4,0,4,200,393,0
185,34.394980601577345,7.472435888633914,2,0,12,288,1035,0
163,5.7696163995314,7.180446019908547,2,0,12,72,1488,0
159,41.37648022779507,12.82975514346246,2,0,14,15,90,0
179,41.409491851588555,8.089264961304842,2,0,13,190,410,0
47,3.359930826916557,8.197701062722311,2,0,19,41,463,0
187,36.425245185205256,12.108329485888843,1,0,16,99,1269,0
14,1.3680020025817123,6.529470985729871,1,0,16,166,1031,0
131,19.092689510832017,8.903991652316451,1,0,6,18,338,0
112,10.440852084085392,5.1617467031576565,1,1,10,206,399,0
46,27.26407038405287,4.881938030959661,4,0,12,21,713,0
71,36.5883582336341,9.081832230774715,2,0,17,45,1212,0
161,25.19458453087326,9.733372971832916,1,0,8,127,471,0
8099,83.36015419508706,160.114085838542,19,6,1153,9918,198,1
144,40.4047653178009,13.829720269626302,1,0,16,123,1237,0
192,44.39177908048257,4.290774303669071,1,0,19,144,649,0
64,3.2273887798392615,14.356538591804078,2,0,15,171,1011,0
6967,84.8697773894161,244.81926401857032,47,6,361,18503,180,1
179,11.956384388799956,3.9396651580187774,2,0,16,68,1013,0
101,23.439343489793874,6.162498033107596,4,0,11,282,470,0
73,42.730706843825686,6.504859899757062,4,0,0,246,919,0
49,6.564426797757131,0.5785843654104357,4,0,2,17,1499,0
141,19.808527239334317,7.746977639834499,4,0,0,288,290,0
29,24.581143469493203,11.386288855774234,2,0,0,143,107,0
129,27.261482583061415,8.820387045096712,3,0,3,172,311,0
129,24.24032751727967,8.484401995798823,3,0,3,48,1354,0
163,19.05336376239713,5.941240068573509,3,0,1,292,144,0
181,8.056077869268698,0.5980553430890023,3,0,12,182,374,0
3,11.25283443346073,5.557169789377266,2,0,7,76,808,0
177,23.808080386754106,6.849671702366461,4,0,7,10,513,0
185,44.87602357172982,1.9334766414958413,2,1,8,280,558,0
196,1.3072195227353172,4.715503180729261,2,0,3,130,354,0
142,36.53890423793851,10.798292530603954,3,0,11,142,214,0
2989,70.60272587632888,228.6776356645748,25,6,1335,15356,75,1
149,41.02013281253409,10.910966888643229,2,0,10,118,547,0
171,44.538234668910185,9.140121738755257,2,0,17,226,186,0
157,13.404407646279072,2.9378092557476845,3,0,4,101,1442,0
42,34.27245830069834,3.4738011158059847,3,0,15,200,1366,0
35,39.63347456515611,12.17545041224024,3,0,8,91,106,0
186,37.239438872954835,12.065827070832398,2,0,11,167,1269,0
95,2.031050036165081,3.396200561316258,4,0,13,178,1471,0
68,44.83093763394627,12.746637020691582,4,0,11,278,1358,0
189,18.758444103910016,14.839328582966733,4,0,10,74,1112,0
40,32.228431731244896,0.8990630165345928,2,0,2,183,1109,0
105,31.261845080092332,4.989392989674522,3,0,0,88,442,0
6726,70.18978460668451,252.19591689126938,38,8,2799,3455,16,1
80,41.88213888068036,7.182850108444941,3,0,16,91,1346,0
82,10.200284041943027,0.8080145823859446,3,0,13,177,742,0
19,2.734373745295971,4.631239109408269,3,0,5,204,943,0
149,4.633174953552196,7.187990765016938,1,0,2,164,1073,0
16,23.753803248468074,14.069137202717787,1,0,7,299,1193,0
23589,83.37881126687998,113.63092973393454,26,1,3818,3462,130,1
58,23.792458980548307,5.124842487454046,2,0,4,82,1112,0
8684,85.5088965167609,244.32378693751747,12,13,1919,4122,92,1
165,37.102330186212804,13.370933470789417,1,0,6,163,1308,0
17,24.4301789223032,2.4584174554206677,3,0,17,225,1484,0
46,12.486135154333315,11.027687555090095,2,1,7,50,1429,0
28,2.7141452393324257,6.808951383099909,2,0,8,112,89,0
23,43.23396331939203,3.208913506060622,3,0,10,65,1274,0
155,26.611085769465838,10.350646317768764,3,0,15,14,627,0
181,25.635183401214558,4.265956120796156,4,0,11,181,845,0
61,13.110523965628364,6.709635549640988,1,0,16,268,627,0
180,37.38218527562793,14.389755553383976,4,0,8,272,788,0
21,36.00395324477252,14.278546610654058,4,0,2,76,804,0
48,43.39311768887041,3.6350900184913453,1,0,16,112,1327,0
43,20.25954029707582,1.6931059792593386,4,0,17,240,624,0
17855,84.88144455148304,197.98557593021732,33,7,1921,13719,193,1
171,30.771158276310285,4.354323568558559,2,0,11,31,1464,0
7645,88.46366355616064,250.59785602419103,12,7,2028,7670,56,1
22,12.910078589276168,4.180253534578961,4,0,1,52,1179,0
12694,95.79729725275574,121.73420073250455,39,12,4710,11337,24,1
14,30.014610331607894,7.114359646575284,4,0,1,260,1350,0
56,23.217043379933607,11.605072321631223,2,0,12,22,541,0
79,44.897579583645005,0.6624350228147574,2,0,4,144,14,0
19,36.332522787158105,10.055891863172787,3,0,10,297,70,0
132,39.25948155985911,5.35124769992874,2,0,10,69,1259,0
78,6.0144990332466115,1.6020272373723705,3,0,17,232,369,0
36,43.222054494806294,3.32187012642577,2,0,13,187,749,0
16,6.815904941170357,6.219435968739492,4,0,19,125,652,0
29,36.96594528146881,10.192393506614593,3,0,8,23,644,0
161,12.37651960017082,9.434311443285432,3,0,0,151,700,0
14,18.8920071829387,14.951333177386283,3,0,13,209,1466,0
50,7.304384182916207,0.32347765561933656,2,0,3,248,865,0
86,27.761300577723652,7.532880253789687,4,0,2,293,535,0
181,13.208445907897978,0.9721953411927469,1,0,14,83,179,0
12741,77.4829012823474,127.92776545332613,46,4,2228,19529,64,1
134,27.0989616377366,13.985499715702092,3,0,13,113,562,0
61,27.84032635149737,8.180269636754078,2,0,7,257,1431,0
120,26.7324236974548,7.522132145341307,3,0,8,117,341,0
60,21.637792890798774,4.579769044355087,4,0,18,130,1047,0
131,16.134138208538165,1.1377234294491583,2,0,6,298,16,0
82,9.652757737930184,13.635719463296748,1,0,13,20,1270,0
179,41.099039913521985,12.800243704004451,3,0,16,83,936,0
135,42.95983474450634,8.168443603625068,3,0,9,36,558,0
85,28.820414760056153,3.965792648914337,4,0,6,221,1069,0
188,39.13021029820216,7.237706812551743,4,0,4,124,856,0
50,6.582404434776105,8.5830945064638,1,0,4,261,1013,0
10571,95.59973848383675,299.5049969248591,28,2,1947,13719,127,1
140,26.660395388192292,6.636208282365428,4,0,6,240,1308,0
155,21.907518104995642,7.665984385571703,3,0,9,164,1195,0
107,20.04194531104003,1.985525136826021,4,0,10,31,1134,0
139,35.484483047310405,0.134977360625052,2,0,8,150,1066,0
130,18.71115964156625,6.701831400708388,3,0,2,90,20,0
10861,92.11034977286684,213.9111943876446,6,13,2734,19677,88,1
152,5.001159796173811,7.1447865152795975,2,0,12,46,244,0
176,38.970223425772815,3.4025449878016314,2,0,12,207,629,0
174,32.694668243303695,13.5630336250895,1,0,11,198,1187,0
33,43.14173295975379,11.400990634905986,4,0,5,189,1223,0
113,19.7929476424507,14.693356109753998,1,0,19,129,538,0
6,33.660858185425674,5.820838524518292,3,1,18,204,612,0
122,21.460418771162814,3.9347453301843474,1,0,19,21,197,0
107,15.44322392820283,4.04094381287743,1,0,5,175,952,0
139,40.484098094801006,8.570235812136612,1,0,5,69,631,0
125,42.585387744775026,6.333696760966906,2,0,0,291,862,0
189,20.950314147467793,9.10316870394892,1,0,7,173,1136,0
36,39.006743410460146,12.334546863348589,3,0,0,128,505,0
19,33.93878317760063,7.356539003691968,3,0,8,100,130,0
19352,84.68929509142043,53.10592010472651,40,3,789,4408,40,1
169,1.8646652408613034,12.809461138549036,4,0,12,188,212,0
104,36.41854069079415,10.465039214212146,3,0,17,125,809,0
77,29.8887589055847,0.524015138474445,3,0,4,141,76,0
91,6.223200202400904,1.2102058810977372,3,0,6,36,1012,0
151,16.858780394225388,0.8345649698966321,1,0,6,184,1471,0
75,1.4003199763541438,10.951901106356646,4,1,9,16,1406,0
5,5.284143326813728,4.273998369753158,3,0,9,77,1464,0
91,4.5455557406065985,0.22081213360457708,2,0,10,253,1340,0
74,9.955534451023441,10.62286422812355,2,0,3,142,40,0
129,30.725818036967308,3.803182584513684,1,1,7,277,1203,0
9,42.424866450266876,8.735091900334718,2,0,9,104,313,0
100,33.61758316743354,6.800908617822381,2,0,14,251,648,0
15133,85.09066638835603,64.56018622772083,10,13,1330,17261,166,1
187,22.23445436910691,12.216413994538472,3,0,11,151,1195,0
7,40.38374760171784,8.584546978113334,4,0,7,149,1471,0
87,19.39061435261103,4.716612595762406,3,0,8,25,260,0
138,20.96924880750411,0.3209694202324473,1,0,17,17,1272,0
14457,79.43800287824058,250.90415703608588,7,12,4821,2865,105,1
71,38.31680634068772,5.721054587163861,4,0,1,90,1105,0
189,37.84415150988663,6.362997299012934,4,0,15,134,43,0
164,36.42767348385658,14.199340945745922,1,0,8,164,934,0
81,42.072024630993496,1.7477365250629255,2,0,6,270,1311,0
124,20.797521667829823,8.90732116998065,3,0,13,156,467,0
24,5.260024163437619,0.6497100047704455,2,0,8,221,710,0
78,33.15829521415106,8.696691336802589,2,0,5,246,1139,0
116,8.136068385946604,13.281767423583148,2,0,9,157,1298,0
7,11.735793303508778,0.4443489601701037,1,0,19,126,533,0
148,3.906433544175043,5.642721920858511,4,0,19,23,550,0
63,8.049926442966276,0.4298033203395064,1,0,5,106,65,0
5,38.774284000268395,14.428443335498029,4,0,9,30,1092,0
22306,93.16690379729353,148.22266897911925,29,12,2106,2709,138,1
62,6.201619380807898,3.0346090901099485,2,0,14,129,1049,0
46,30.321921406576433,1.325275000507948,2,0,12,47,616,0
11954,91.84032535082913,30.033432574969527,16,5,3176,13880,57,1
78,27.196120286902396,7.197440573066056,3,0,7,47,756,0
15,19.300200789090418,5.847179020139198,2,0,14,176,724,0
20,41.322503959410916,14.635357202411436,4,0,0,101,1261,0
160,2.7071760080710483,4.694490552421422,1,0,13,247,1245,0
70,33.13096433930113,0.2798420359792075,4,0,17,220,666,0
62,28.825218270449046,1.1018854473753457,3,0,18,115,642,0
74,30.438354673945707,7.27732758638388,2,0,12,16,1294,0
172,9.63694930168695,0.6792180855486706,4,0,7,112,909,0
3,14.3480284174235,10.962299977265232,1,0,6,278,1163,0
92,16.501590905203845,8.0446898990987,1,0,13,244,548,0
157,31.508611694829508,12.469640920693852,3,0,7,240,889,0
84,8.103698185448525,10.682625794716161,2,1,5,84,299,0
84,13.748031284481444,7.735185415512179,3,0,6,247,853,0
56,30.729167697111215,9.030516920900157,4,0,3,139,1284,0
142,37.33128186866935,3.058288597136205,2,0,11,140,1425,0
140,22.61853900413376,3.2861994534794383,2,0,11,79,1193,0
67,18.125179219431306,9.415651854476973,1,0,4,217,1327,0
78,11.852979095437885,1.5440681732982233,3,0,14,55,1498,0
145,18.972045581973234,8.983121774095414,4,0,9,97,1385,0
33,5.65847000137769,7.805101232888624,2,0,7,157,141,0
172,5.753960612561913,4.013240824254497,1,0,17,163,930,0
79,11.625845351302186,5.982152219898075,1,0,15,154,732,0
37,14.483044198948349,6.607979822917462,2,0,5,23,1172,0
122,8.100163769088857,4.8099628303193445,2,0,6,58,160,0
159,5.1148854383080185,9.447895016086896,3,0,9,147,1049,0
6,37.36117371042443,9.871364570505825,4,0,4,265,1450,0
112,27.855972343998907,5.021383214475198,4,0,17,129,820,0
3461,85.13193489491411,229.3105806340777,10,11,311,7172,134,1
83,36.49451486656853,1.5992376606165923,4,0,17,47,507,0
148,11.719050847216547,10.515508469227216,2,1,4,22,1469,0
59,24.963758328713975,2.170502588208852,3,0,9,64,304,0
37,42.94551537362439,9.953937896159568,2,0,19,120,268,0
8557,84.47549186931788,103.33021334048651,23,9,992,15662,53,1
160,1.7300691478343069,10.367725314153677,3,0,17,83,518,0
112,29.991679489293716,13.943237767826673,2,0,8,278,1439,0
69,4.17738015474827,9.22127668877487,4,0,8,15,1263,0
67,18.84839141567845,7.27260240505157,1,0,9,131,292,0
120,16.290826993805204,5.1324451513492235,3,0,16,282,413,0
177,27.507775446529863,12.894213618449493,1,0,4,59,421,0
2,29.89726679288051,9.495771589897299,1,0,18,241,699,0
13,3.25128228360094,5.060390233847909,1,0,17,30,661,0
48,18.682555934416538,2.28095869217562,4,0,13,169,72,0
54,21.04858017535461,10.34968981763822,2,0,8,295,232,0
3681,96.41441870024141,254.91186079713037,5,6,3442,12271,75,1
40,14.908457708066702,14.241775607634882,2,0,3,278,518,0
156,15.479246296272027,7.159745680906067,4,0,16,184,319,0
52,8.601322004367841,4.650184081330109,1,0,18,248,1441,0
36,43.63355347566881,10.058574461549172,2,0,8,11,878,0
52,37.951270693234775,13.431953606486175,1,0,9,233,370,0
11237,87.47927639758558,177.93363892560987,30,1,786,8688,30,1
173,8.228621103986008,13.148183844728196,3,0,17,153,364,0
123,8.6905394668681,9.05528557458148,4,0,1,141,28,0
21,44.33688077142563,8.026378843997824,1,0,8,114,1038,0
146,43.00090086978767,4.022368004975111,2,0,5,37,266,0
63,22.550578191482593,2.2698682040292266,1,0,2,225,568,0
125,21.17098266178327,14.488232304019544,2,0,12,74,914,0
104,10.289541472553646,2.1120682365401566,3,0,10,19,1132,0
189,35.35001128626594,2.7379174717926054,1,0,9,143,555,0
119,37.57481542395747,10.175882652103114,2,0,18,202,437,0
167,33.64702009861538,6.224603183985266,4,0,6,212,1193,0
94,29.310873778762552,8.229566119964543,1,0,10,101,1249,0
151,38.145342312590294,6.871792721034814,4,0,1,45,426,0
93,31.926123538204457,11.869688825372396,3,0,2,235,834,0
135,22.367909130186977,11.14988499408441,2,0,8,100,87,0
109,5.859001990088517,14.069500027369344,4,0,15,89,1398,0
168,28.43423369488284,8.888532477152358,1,0,5,124,1207,0
147,3.5768734325194895,9.91694552297995,1,0,6,181,734,0
35,12.051447772129658,8.121924384756854,1,0,0,22,210,0
46,12.391788090898142,13.373279559508351,2,0,19,13,543,0
98,30.335189637444095,14.573887544268828,4,0,2,144,1130,0
197,34.64464181693444,7.070952831051439,1,0,2,119,936,0
151,26.334868729381625,5.396006542795518,4,0,4,77,639,0
179,11.356863523527732,10.221818313171948,3,0,15,290,1264,0
3,2.0843538039981975,9.842066461032397,4,0,14,154,66,0
65,14.511860707850943,13.598683596000201,3,0,12,97,1485,0
189,32.446901920819336,10.461566513980655,1,0,15,252,320,0
99,32.88054800298801,11.478340784595975,4,0,0,254,481,0
186,18.502911400880322,0.1649577413530484,4,0,1,188,736,0
144,5.699230976103999,7.729148497720514,4,0,2,201,1015,0
187,30.114108689593685,7.787593590028808,2,0,0,84,870,0
178,26.50843305734997,8.250719381724272,4,0,3,111,700,0
101,17.369916983737124,1.5935964169871117,2,0,0,241,1212,0
16151,70.55598178689134,290.36763347059457,40,10,1402,12322,88,1
68,30.752612839687725,3.513837547279846,3,0,6,15,14,0
16,5.635201317178661,14.011815701380733,3,0,1,154,1184,0
106,9.692459849853043,1.8235608323569368,2,0,1,247,80,0
153,36.439022489199395,4.7089309429375215,3,0,17,25,1420,0
90,4.259295917259701,5.332040989296499,1,0,18,198,1072,0
183,42.937285033342064,14.092719604822584,4,0,11,145,1206,0
157,23.341344880297026,14.402758675667156,4,0,14,168,556,0
25,42.65727476645859,8.620248690622095,1,0,13,208,307,0
37,37.77634082806271,6.414741959086256,1,0,10,13,877,0
81,20.573507044411798,4.430580242667313,1,0,2,42,1158,0
119,38.913254926760445,4.1611104573494675,1,0,0,198,1048,0
66,31.977383914032902,2.5763879984503077,2,0,14,253,1353,0
143,24.940779453336617,13.5373909149809,4,0,12,292,181,0
89,11.63763832910599,0.41534082833237007,4,0,12,111,1210,0
54,29.308267903069464,6.3757515593983225,2,0,4,127,1459,0
73,34.673917179117,5.960957297341651,3,0,3,233,865,0
93,23.792354921803494,5.1055976853461145,2,0,7,210,1420,0
0,14.51752234893592,14.426345220633495,1,0,4,99,848,0
14,41.523758928249336,13.08287052587021,1,0,14,99,517,0
85,7.663602965155722,7.6508736066950425,4,0,12,115,691,0
135,5.673408413892073,7.597820309597991,3,0,2,151,3,0
128,20.991198614976824,8.917937824183555,1,0,13,14,1086,0
98,30.5309288287063,1.51634239880521,4,0,10,25,355,0
100,42.56839538645551,10.611900113825895,4,1,5,172,1244,0
135,27.89903287489995,6.474569503909924,2,0,17,182,124,0
177,14.894018654977824,14.732952941670899,1,0,8,127,621,0
122,33.928911385754176,2.7325664812269475,1,0,16,272,348,0
47,37.97531981389436,9.771466934024367,4,0,16,218,988,0
35,8.891664452726603,9.01476052787068,4,0,11,265,679,0
164,13.474316371921333,8.726154735164348,3,0,6,114,821,0
118,22.20876295018503,14.08737333536951,2,0,14,290,1470,0
38,15.08262082407763,4.909936015936265,3,0,6,100,655,0
175,14.626435288628322,4.381221965091976,4,0,13,298,308,0
6,20.348581406347975,12.110841544615138,4,0,4,66,1412,0
12063,77.0257172446716,260.3991900634628,22,2,748,5112,4,1
72,40.98836589954194,3.814500715068709,1,0,17,13,421,0
24880,90.52671792419119,53.43935526578369,7,12,4308,1324,44,1
176,18.75487966736929,1.8561156193285753,1,0,9,80,368,0
168,17.918695803075728,4.362294769723354,3,0,16,20,1480,0
157,19.307109497982193,1.882493548789448,4,0,1,25,920,0
114,22.439675580402234,4.625485389314204,2,0,2,46,235,0
161,10.102362518580662,0.7614894480429723,3,0,1,281,478,0
97,15.067717370953586,2.047403980849864,4,0,6,118,1205,0
25,33.98793285847591,13.591793214620752,2,1,12,295,96,0
197,26.201990428432797,3.5424384554111863,1,1,8,61,1476,0
13281,80.80331337435832,117.70901408978999,43,7,4503,16676,141,1
35,26.55075972038854,14.407968741531791,1,0,13,176,784,0
84,32.401052456934764,5.026431027407176,4,0,0,97,1102,0
72,14.94417260801595,10.987532577007004,2,0,6,78,1491,0
34,20.476813323459055,12.574875992780344,2,0,1,195,1351,0
104,33.0157700587863,0.6034583491289047,4,0,11,284,1309,0
116,17.116600993086976,9.030750411690416,3,0,5,240,1065,0
192,44.81231589025821,13.670844464598238,1,0,14,104,1002,0
128,9.268496755874214,7.485243421160382,2,0,1,286,902,0
58,25.841988113072393,14.263850092373753,2,0,12,117,276,0
125,12.545968565529286,5.21242119461344,2,0,18,24,538,0
177,34.27764426713294,11.162617706781992,4,0,1,243,870,0
101,16.98977300797479,4.540833589591203,4,0,3,210,159,0
152,44.9805389430193,3.858567224442039,3,0,0,194,1314,0
84,2.715090109089738,4.817376278928452,3,0,4,39,327,0
38,30.341285217448956,6.062313565694445,1,0,1,52,1122,0
48,41.272757376688055,2.478486005466185,4,0,14,57,72,0
22695,97.08025881819037,232.77807908476214,19,2,4968,17442,129,1
140,23.555070740540796,3.2968921678170338,3,0,16,72,1069,0
197,43.7883011612277,5.764237115169282,1,0,15,39,1196,0
88,19.379176946810936,2.019314799068523,1,0,14,72,607,0
193,23.22508445273628,4.196134228485387,3,0,0,202,347,0
104,37.05352216252568,14.790808501518711,3,0,15,37,40,0
95,29.42082729301373,2.1298814080313124,1,0,8,240,27,0
110,7.394374466502181,5.666137661982301,4,0,16,291,1411,0
74,36.30567851585827,4.684060801609414,2,0,19,202,202,0
141,4.125535117936094,6.899256264953738,2,0,16,213,809,0
24745,72.42907711530492,95.45281518924523,14,14,3830,14079,29,1
69,14.592379805125706,3.8516479548685774,4,0,14,81,220,0
36,10.660372622111286,13.727785172276352,3,0,12,250,84,0
9371,70.33207384205853,159.1658733043215,31,12,1372,18060,137,1
40,43.54955211127043,10.212035398020767,1,0,9,39,338,0
108,14.077421009184224,1.1609800913643649,3,0,16,225,1124,0
182,24.88937955753042,4.252834355603119,4,0,10,98,1299,0
125,11.552077897089971,2.0957241690600057,2,0,8,252,613,0
54,42.390368259822196,3.527006742971158,2,0,15,128,441,0
3,8.104144698826563,11.347600680737553,4,0,1,30,446,0
169,25.03489440575744,11.122965941847877,1,0,15,102,959,0
108,10.734502643626815,7.022283190144766,1,0,9,227,903,0
4,16.051055124932436,5.646454898272464,2,0,14,99,427,0
140,36.589775717476876,7.372096328417977,2,0,6,166,203,0
7,11.246682430679861,9.492973797936392,2,0,5,171,207,0
20,21.077940104242344,12.858388037508812,2,0,2,126,906,0
172,24.454432764167294,7.427988702604593,2,0,16,170,442,0
119,8.883212404766638,10.46504722633658,1,0,14,30,1271,0
23963,75.51593235784651,244.61377893272385,7,8,4022,6307,154,1
187,27.98968124697553,12.103990186596281,1,0,1,127,985,0
174,9.174186006743144,11.027086569508194,3,0,19,65,981,0
40,30.449878319994074,9.16671873326472,4,0,4,95,698,0
133,41.74662063200368,2.5903012915526773,3,0,18,77,77,0
76,19.627753203434583,1.6477194751542765,3,0,12,275,18,0
160,10.131801193050952,4.389404599689184,1,0,18,99,823,0
24,1.0013516291968263,6.250098972133162,3,0,6,21,333,0
19570,74.7098696781988,192.84194326449733,21,11,4733,11645,102,1
6030,87.11613073746382,263.68566970564467,28,13,2765,7760,192,1
46,33.31208976565761,12.882548860168974,3,0,3,22,1474,0
189,19.76152769927139,10.740881881243393,4,0,17,295,343,0
102,31.654315466420663,10.250017941541078,1,0,8,13,246,0
62,25.598608537650495,14.796613851868013,3,0,10,190,1297,0
123,23.79540991377517,4.812755996011803,2,0,11,45,142,0
116,11.795501823313288,0.11176371528895993,3,0,11,264,89,0
195,36.55012243679683,0.20366805081903908,2,0,13,270,362,0
67,1.3660774579964485,14.961601791897957,3,0,6,115,600,0
134,22.403465034242476,4.862755611055609,2,0,17,104,589,0
64,38.465523992448055,7.639151604440245,1,1,6,96,232,0
79,9.425543055957256,3.9290904740213386,3,0,12,117,535,0
169,37.78917894111895,5.079808525175708,1,0,5,47,230,0
23,28.9287422085773,13.081950579156745,2,0,16,164,151,0
47,21.31551032777724,9.099674466318552,4,0,17,146,1248,0
49,32.506198822654355,11.435313694965556,3,0,19,171,260,0
54,24.773047398773517,12.88976335843983,3,0,2,43,953,0
12,36.0054485553338,14.47897118135779,1,0,18,246,376,0
120,33.9415757110436,9.187044151284512,2,0,2,73,727,0
16,1.0176679371149544,3.8055079611199134,3,0,15,155,426,0
168,13.340022849442434,4.168913609787643,1,0,16,180,740,0
95,2.5125817674759094,2.367003515100796,4,0,9,94,724,0
141,42.16131859520981,1.5545195319737195,4,0,15,220,1349,0
53,5.5107024189248754,10.648422617847716,4,0,13,155,661,0
33,13.549055317938219,14.742054769910753,2,0,10,131,201,0
16389,80.77109805739576,254.7803750722868,14,12,3031,2823,175,1
67,9.223921043805198,7.318644854594569,3,0,4,143,371,0
93,16.681808377385245,10.668925406361913,1,0,6,161,108,0
68,27.69551288668017,8.73620239850143,4,0,4,170,445,0
72,29.54204994772404,11.75769754880244,3,0,8,146,219,0
142,23.260735206441332,8.525299854504212,2,0,6,19,348,0
47,2.7630397993237334,1.7476298873230256,3,0,12,148,100,0
84,1.1685327820141933,13.155430097152275,2,0,16,183,1087,0
45,39.77502999400315,5.1790604398006534,3,0,14,261,1296,0
170,30.334168683270576,7.0889990692951885,2,0,15,57,901,0
114,39.603419937844905,3.367873978049593,4,0,14,251,495,0
31,40.40969021522626,3.026975596819509,1,0,9,280,1016,0
20517,76.15671331222065,90.82296729885717,46,10,3750,14997,73,1
130,11.566670224968625,11.349183123922531,1,0,2,212,1170,0
70,8.173554824990005,0.6716215341999469,2,0,12,284,925,0
8,40.99624590877093,6.489929983468913,3,0,6,280,319,0
186,27.664608605187574,10.20309961413636,1,0,0,80,211,0
83,42.13100276968247,1.5889849681107038,3,1,3,123,152,0
41,1.970910542020797,9.789424913695264,2,0,11,61,1432,0
41,36.30004267448902,14.438143970921542,1,0,13,172,1481,0
151,38.4375213221722,7.831454021601113,2,0,19,269,898,0
51,29.437637080924777,4.625442208508711,4,0,16,103,383,0
2191,91.44701546230317,297.0265754089331,33,2,4876,10532,51,1
175,39.12262007574681,5.154131125951578,3,0,13,140,95,0
163,2.0919573035865624,2.325829746891296,2,0,0,280,96,0
104,18.834315868465946,14.05482761370429,3,0,18,63,992,0
20440,82.37309723564069,229.84823948265688,14,12,2528,3760,2,1
130,41.621844867350056,13.506418268987035,3,0,4,222,183,0
117,7.355205302823414,6.154213174499131,2,0,0,268,199,0
99,9.324614865175615,9.926401866056306,1,0,4,289,307,0
150,8.392882296477858,10.73989663800676,4,0,4,161,1414,0
130,43.03972042327497,11.003463816061318,2,0,13,108,1439,0
57,38.93693084096031,8.602902226813757,1,0,16,195,791,0
151,40.333074469479584,8.05048697864509,2,1,12,86,472,0
186,6.269438523016678,4.681186378199539,2,0,19,89,1421,0
88,12.618727326523626,9.446150169476075,1,0,11,210,832,0
167,33.65914023675984,6.260639923981385,3,0,16,87,163,0
151,22.90973807361961,13.360491444325554,4,0,0,295,1471,0
51,17.2367802260916,2.065754403731782,1,0,18,261,1290,0
107,23.82284375274618,5.965860101260131,3,0,14,120,1020,0
9532,72.55497309970927,102.12606159057438,49,12,1880,10476,5,1
17753,74.66690179420644,156.28217649341224,28,3,3557,9902,187,1
30,20.511320524785937,0.10358903031621047,1,0,19,98,901,0
88,13.5256885092444,7.917857340192813,1,0,3,136,1001,0
13663,80.79765698486004,204.75957868187356,34,4,2822,5667,85,1
71,11.98874388609163,13.095847482083535,4,0,11,188,1066,0
38,2.72766227254105,1.6787430790263107,2,0,15,63,733,0
117,20.089132605630745,5.5398994114539075,1,0,19,235,821,0
21,39.505879219330694,5.259364156740164,4,0,18,238,1430,0
92,12.82990797907629,9.372498811168537,4,0,11,43,212,0
0,41.79344640203577,11.160422658452493,1,0,6,63,578,0
101,28.131367039272103,8.447597810367482,4,0,2,295,426,0
68,26.5125013460999,5.35977078948036,4,0,4,103,1479,0
90,41.264331997561314,12.2557306802769,1,0,6,12,141,0
7,34.58497612788039,12.49143659852303,2,0,9,151,310,0
67,27.538605285409666,4.101836104561202,1,0,19,263,368,0
143,34.477458560954396,9.84129105204673,1,0,15,198,1236,0
162,30.141988195741625,4.471506166186377,3,0,11,130,1417,0
178,33.89090801684621,6.918714930723108,4,0,3,191,958,0
11,27.11384229616146,7.191307790737953,1,0,18,133,910,0
73,19.279492026051944,7.75980236472717,4,0,16,166,794,0
2992,92.80633380768674,232.7709720698551,12,7,3794,17277,180,1
25,1.5281331999980319,12.38837514474611,1,0,18,155,574,0
120,3.820167285591721,0.14651260521050347,3,0,3,192,1204,0
19,13.6212524084768,4.192089509273045,2,0,19,38,1288,0
40,25.37570324213776,10.097523171338196,3,0,15,16,694,0
40,5.126167155308726,10.253763126505852,3,0,2,18,1462,0
1011,90.2150048207749,106.52474928605025,24,12,3927,11209,37,1
103,6.136907721827004,1.65073175063188,4,0,1,270,959,0
7,40.67805725603406,0.4634257973404414,4,0,3,41,833,0
161,8.887246923942762,1.729402956331235,3,0,8,253,1365,0
40,7.698041412342139,10.3805382809117,3,0,4,230,1353,0
193,15.686170271071102,12.879074224803228,2,0,0,287,707,0
164,41.88236755731424,3.6908442441391776,3,0,3,148,887,0
84,29.545676991012982,3.8953354568174787,2,0,19,75,449,0
7,43.650159740503874,1.605320872719752,3,0,18,34,406,0
88,10.31681793030646,2.9163575129228083,3,0,14,270,430,0
198,10.88492549623773,12.967297346773274,2,0,7,286,724,0
184,13.567543496738695,5.174581467574669,4,0,16,34,1291,0
187,21.279526881089602,11.560631055901453,4,0,8,165,230,0
5796,88.75210874131749,240.0724238428512,23,14,2602,15374,137,1
129,21.867220922985958,4.309858868570409,3,0,19,19,32,0
198,4.8150889742081695,1.1243891861212922,3,0,4,127,600,0
183,39.921823082103,11.987255345908254,4,0,3,131,1355,0
1491,83.73654706546336,202.12593888659168,13,13,1873,4197,194,1
103,39.4887205848889,12.364004182202518,3,0,5,148,19,0
62,12.101724791066232,7.486183450166305,4,0,2,256,964,0
190,21.209362281375245,2.5975613012247085,2,0,5,288,1381,0
7233,91.28262648008052,72.15043215208186,37,10,1435,18321,42,1
13,15.425084866976004,6.47260764169857,3,0,3,263,214,0
16,4.0118199129047385,9.734654891497575,1,1,18,48,322,0
195,26.683397860180015,10.940931899810666,3,0,4,255,73,0
81,19.895707471462913,5.217115761490447,3,0,13,228,527,0
133,30.11562203633409,8.519577017246736,2,0,3,83,862,0
165,37.06349426009638,5.61134052215706,1,0,13,19,707,0
103,19.02068079955041,3.6282907154821706,4,0,8,55,1355,0
188,13.040178385873952,5.1110596398238375,2,0,1,94,537,0
9,21.579707102730637,13.893700226524052,2,0,16,275,1499,0
52,38.285068945140445,10.433296571990175,3,0,2,249,401,0
93,39.620973813955494,8.675251232795247,4,0,5,37,934,0
62,13.504109011316066,3.223947739464336,3,0,15,135,230,0
195,37.908930817671894,2.658240497614519,3,0,5,247,1059,0
199,11.279489600536929,2.5471919016250015,2,0,13,224,1426,0
146,22.35173666307535,1.0952764512063626,2,0,7,39,945,0
195,29.611223128121107,14.73246487951712,1,0,17,205,1307,0
17734,87.55379337281906,179.81690198527758,48,9,412,13648,174,1
57,29.631872910687214,7.347495574967189,2,0,14,123,14,0
31,20.54406990264813,9.539675874880936,2,0,8,99,940,0
173,31.451240469072232,4.004321567152431,3,0,6,79,1320,0
35,10.999486356625141,7.871832743567712,4,0,3,137,1412,0
146,44.76082729411909,11.622230197704193,2,0,16,41,908,0
23,19.817439776263438,13.736127424080307,4,0,10,45,464,0
11,32.074831152431535,0.33598725707862587,1,0,19,46,292,0
1,2.775436381826787,7.434021130983256,1,0,10,66,439,0
81,13.059149931056403,3.4555857932214042,1,0,3,60,869,0
138,37.82199057797006,0.4706506420176211,2,0,4,287,732,0
144,42.70230671064611,11.310796560420062,3,0,3,201,58,0
138,8.739172470421131,10.941140815240676,4,0,7,185,133,0
33,1.8853557615352576,12.940430212861385,4,0,5,138,1370,0
88,41.13716241838713,6.82491720479605,1,0,16,232,844,0
34,5.06777874963093,10.79463211776184,4,0,3,186,26,0
38,13.464513753673403,3.926790461049174,2,0,10,197,1042,0
61,18.386833088781422,0.8145702133111159,3,0,19,34,812,0
71,8.372927729398285,3.1995659847254085,1,0,11,202,635,0
97,21.14761298559114,10.229290065777553,2,0,14,244,162,0
103,28.891136320627442,8.887716051593369,4,0,16,192,1177,0
23,12.383312254839403,4.870699394683735,3,1,13,184,610,0
56,22.2905996408274,2.5095203971186093,1,0,13,96,1045,0
124,43.61044174201795,8.396295927160256,1,0,11,26,774,0
77,26.167818644478082,6.424943206880373,1,0,1,252,432,0
106,32.91635041033373,0.5750834486080224,3,0,12,163,1215,0
155,11.036416627704945,14.219277273955061,2,0,2,198,588,0
27,9.755654114215218,1.361266428410972,4,0,17,134,558,0
119,30.638832607854585,9.1310330378093,1,0,2,91,792,0
23243,74.54695769571182,78.32590836846626,17,4,922,16592,8,1
7817,81.68346428878635,297.9502928959243,49,11,1774,15102,87,1
18,28.19653048471466,7.461238717342426,1,0,15,229,251,0
64,22.405241692226607,12.769451174919697,4,0,3,149,414,0
188,4.522789711274486,2.1546924437819763,1,0,19,109,362,0
186,33.53688477090099,14.318450778578118,3,0,9,78,1009,0
99,30.883153006060763,8.490586248991498,2,0,10,94,820,0
174,38.19451893030397,10.089191168418452,1,0,2,243,241,0
18,17.69208632098421,13.89061045534713,2,0,8,19,872,0
171,14.038335283591202,6.1128744501239565,1,0,16,284,593,0
58,27.069713083761823,10.419940307034,2,0,6,213,207,0
183,22.352787898715476,4.540821305369026,4,0,13,25,1244,0
123,43.889443578792594,3.4803706933392626,3,0,16,37,831,0
102,33.47863321303434,14.045731790556191,4,0,5,116,1400,0
15760,75.61394298124542,64.08311726935509,10,12,523,10380,51,1
4,41.11854494479794,13.13305956646801,4,0,8,39,1431,0
97,23.716465164697656,5.199757332567218,2,0,16,14,1283,0
151,13.112681391881846,13.195329074101497,2,0,7,184,1493,0
107,14.384743663996359,2.7181571629687054,1,0,18,268,246,0
160,28.48301811703939,12.966022611895992,1,0,14,108,550,0
151,21.520482158200135,8.620858371638809,4,0,15,185,907,0
124,17.555410490538566,11.302956041100943,3,0,3,101,125,0
143,29.058282863421162,4.766412555484163,4,0,15,83,137,0
143,26.76480406690528,11.186336823305808,4,0,10,127,909,0
186,33.350054796470225,7.8372732276895425,2,0,5,147,537,0
27,38.3209376563274,11.27480606726163,3,0,8,133,53,0
50,15.608030893177883,1.0190364141711223,4,0,18,39,31,0
39,35.47266064216778,1.9313766198794504,4,0,7,72,850,0
160,42.86559124777864,13.527546585938598,2,0,7,255,1054,0
119,26.62714338308502,3.561799634267871,3,0,2,170,439,0
71,30.173196963818484,12.901042360293376,3,0,1,207,1107,0
72,23.196061433451636,7.369361429371086,4,0,17,63,1042,0
6630,95.1993756103679,72.05195867671222,17,11,2219,10710,140,1
91,30.853998604876065,6.170338547009097,3,0,4,233,1263,0
110,41.86755027026695,6.8660392413252955,1,0,13,87,1398,0
163,31.578685857344936,12.109645918585729,1,0,14,121,1148,0
118,31.627513908949723,6.200774270646906,1,0,3,89,1293,0
37,33.92765756129255,11.454287543481861,3,0,17,105,96,0
102,34.543893403115604,1.1779927974725346,1,0,13,92,1404,0
187,42.76801667480714,8.61295897395085,1,0,0,57,1171,0
100,26.088237495191397,2.648061730831603,1,0,2,197,1437,0
17413,96.2535007873322,257.90687064268013,18,10,2150,2545,152,1
89,9.899183943079537,7.460773891929653,1,0,12,159,969,0
137,31.070894266919904,0.376703709599973,2,0,4,237,312,0
25,6.767513915006936,7.017569662260501,3,1,0,113,901,0
178,14.841855870218925,6.276360357913698,2,0,15,223,1112,0
23090,71.47872011957334,157.81428852184422,28,12,350,14046,149,1
144,19.43263949088842,4.4011279098643605,2,0,8,134,270,0
193,13.108369318032931,13.83918053822774,4,0,0,218,560,0
114,38.902394028202764,4.101501395247552,3,0,16,108,320,0
113,42.537816244360805,0.28313085121949644,2,0,1,52,1018,0
174,13.43221177082011,9.5819533150729,3,0,15,95,305,0
171,8.199112982084156,4.073881116494492,4,0,18,271,841,0
133,39.033731436553495,11.954145721935467,3,0,5,110,501,0
167,21.481426787346773,10.360576419518095,1,0,0,74,1044,0
8566,83.84036209955933,150.40666638343748,13,8,4602,4591,198,1
141,25.60201288437061,0.7001446247572792,3,0,11,29,135,0
167,30.262463516291767,9.137032157315963,1,0,4,45,743,0
45,43.4868325807589,4.073177262774316,2,0,18,108,676,0
3489,98.33090733905564,101.7218937001161,21,11,209,19075,80,1
162,42.674729184279606,7.926231925974274,2,0,12,14,608,0
13772,90.8649723713596,168.32580583003488,35,1,2083,12199,97,1
20,11.102319073174622,1.1784082585924252,4,0,7,270,1433,0
116,44.684613794006914,5.480384645334356,4,0,10,35,147,0
9801,93.1707076960549,155.95391628311353,35,4,158,19941,64,1
4,32.503326515835866,13.412539907090027,3,0,3,282,1317,0
23778,90.79969177553485,261.21239626955037,6,14,1375,4706,83,1
4,24.772271300246526,13.447600310838823,2,0,0,283,633,0
145,5.443036699981488,6.216521838090512,2,0,15,125,1254,0
95,19.7926219958551,5.466117500670177,2,0,15,118,917,0
110,33.4467477739098,1.6567567196339754,2,0,4,275,808,0
140,14.656319120757281,1.3516255463573223,4,0,10,249,548,0
108,27.542798598097313,12.750614247923748,1,0,14,24,663,0
59,31.432309686826002,13.179705793279634,1,0,1,15,1251,0
65,15.154200222857614,9.115565129193426,1,0,14,61,335,0
155,38.03108022934387,0.33068864114897856,3,0,14,143,890,0
3,23.525299750004823,0.30832752327333474,4,0,11,55,317,0
23,34.96078555012484,13.680664651477105,2,0,18,90,94,0
178,42.303649287025976,14.214536414037541,3,0,13,234,461,0
96,17.322843354055436,3.0425455966152817,4,0,15,175,68,0
164,20.353648147408734,10.834199429475909,1,0,1,158,981,0
72,13.971958487257742,7.86688953197858,4,0,16,133,751,0
32,32.0143244419088,6.648034077940787,1,0,12,245,1079,0
16,24.947322828671034,14.31341997731616,2,1,0,252,487,0
50,27.591810067449927,12.274821781738963,2,0,7,205,12,0
190,38.745742474769514,14.791816130126803,3,0,8,89,52,0
140,2.2254985961272737,9.865209672005454,4,0,3,221,804,0
30,20.14064215096983,9.843127080901935,1,0,11,83,202,0
168,16.935990522942667,10.326946268312385,2,1,4,110,1148,0
16706,99.29443337520854,70.32808244414946,43,13,300,1500,20,1
142,19.097374770914175,6.839619816751011,3,1,16,49,239,0
20,19.264715781617035,3.806274667738616,4,0,15,63,1169,0
52,17.32140435894167,7.090744691782298,1,0,17,80,1395,0
120,27.474210779300464,3.310681543505062,4,0,11,195,486,0
103,37.20145069342261,9.169444165453731,3,0,4,236,1192,0
24094,90.36700177671885,139.08678778279648,26,2,4113,13441,130,1
28,41.00711855522766,4.93227359174615,2,0,6,31,788,0
147,15.426895736803374,8.057013182732295,3,0,10,93,521,0
161,44.48830493574913,10.780285978820622,4,0,3,34,534,0
6,5.018332310676511,4.481191679595986,1,0,0,38,1175,0
107,4.897446944012339,1.6353212321216422,1,0,18,268,517,0
57,12.558600988085153,11.487259750700463,1,0,0,47,1445,0
119,9.781151099421304,6.843211101190181,1,0,13,265,1356,0
193,35.87174977533881,13.612405194103886,2,0,18,115,325,0
104,40.13884968592558,12.515742102334134,3,0,17,180,1494,0
156,10.638603614634865,6.104294721838573,3,0,4,179,371,0
100,26.25379410703646,14.436570051427822,4,0,0,37,1398,0
23965,71.44188531918232,247.62115106762883,30,14,1754,10681,152,1
71,20.984081160415066,0.9035954843289811,2,0,3,132,20,0
18175,70.42489616474536,192.50200797777666,34,2,136,1409,192,1
131,2.8665811211032346,1.9983802682618923,4,0,14,14,27,0
173,15.526861813886594,3.400365657722406,2,0,5,248,602,0
168,27.11731119422911,1.6578614264502616,1,0,6,219,1095,0
61,14.730817964688908,11.21735157575577,1,0,8,151,350,0
53,26.13546067723228,7.544314338781554,2,0,3,227,1058,0
64,41.57782599881384,7.011591799289828,3,0,0,98,316,0
100,7.89975903393945,6.013651957026689,3,0,2,235,1030,0
159,5.5897758434828155,5.237325236952594,1,0,0,19,1493,0
73,2.766109799756127,8.946216165976375,4,0,13,77,1385,0
6744,83.63238451881001,117.5437675504049,30,3,2792,18722,64,1
100,38.17401975806237,11.269423707020453,2,0,13,264,1198,0
13,34.10860685380575,7.082909391246139,4,0,11,243,1355,0
132,40.17691011763171,9.639738632788916,2,0,5,242,1466,0
19683,86.45496990850512,142.32441647448525,27,12,2209,16994,25,1
144,41.10938303957431,6.039134974504991,3,0,14,164,10,0
87,36.58717555805063,8.979309500539333,3,0,14,253,878,0
110,16.61549807340838,11.477796146250963,4,0,15,138,1112,0
124,1.795568057050159,9.804907976423062,4,0,17,70,1092,0
55,17.942554451634315,6.957078610533569,1,0,2,36,1423,0
150,19.02560624887084,4.621452925099132,4,0,12,273,1178,0
18514,98.9403170909962,158.94283606628994,19,12,2154,14541,15,1
87,23.90392884141377,12.16584907745276,2,0,10,122,835,0
108,37.78747163499236,8.515792878006936,1,0,13,208,736,0
15121,85.95211063998573,116.16136882759243,5,2,1516,2132,197,1
50,39.427889185023275,9.877974409400544,4,0,9,246,174,0
57,4.023401819854283,12.833073094086348,1,0,7,257,930,0
12264,99.75139220966686,88.50077878852984,49,1,2728,2304,133,1
162,2.7713521324062125,7.850692974844719,4,0,17,89,1464,0
60,9.408647398410377,7.057814396540588,1,0,15,25,319,0
136,32.572700836535574,12.622698766418202,2,0,6,229,1150,0
185,4.744553389270555,7.150876484577541,2,0,14,249,742,0
48,29.240058739263155,3.3130324646151528,2,0,6,198,1038,0
20751,70.58371351595527,44.44086334868835,13,2,2299,6260,158,1
165,34.74135150398202,6.362324874808402,4,0,0,49,918,0
46,4.804130313286702,13.535950973005566,4,0,8,183,1482,0
159,42.20908959511692,4.455123573367872,3,0,18,225,1087,0
51,39.98811115378116,6.884398372148172,3,0,16,236,709,0
4,3.7528530576558694,14.598375707761,4,0,6,177,642,0
121,41.35979492941795,14.379082528572663,2,0,10,98,342,0
61,11.626027631684671,0.3032337029546279,1,0,6,91,330,0
6,26.447829577127763,12.379007908217176,4,0,14,212,1357,0
146,11.310302888623179,11.417471325317234,2,0,10,162,378,0
22039,85.37350116500384,270.68087976803344,19,9,1806,5774,128,1
62,28.409977944068796,2.3813903420057567,4,0,9,253,1218,0
165,36.833018287825496,4.005483283050268,3,0,11,196,683,0
172,43.31090345919566,6.925197392186081,3,0,5,183,1081,0
146,19.672369146359927,13.063822377328314,2,0,13,265,1094,0
35,9.76011047718073,3.87716513997602,2,0,8,115,296,0
5,7.687128028858253,7.3387263270199465,2,0,4,298,22,0
166,33.64343838618346,4.640937600680154,3,0,3,242,792,0
136,23.806252613752232,14.259232347540236,2,0,11,184,1268,0
8,6.426013607312859,4.379467309797687,2,0,10,37,784,0
178,41.85974473307734,8.314629120875932,1,0,1,62,1367,0
36,19.398370679163186,6.2674982649835735,2,0,16,89,1088,0
116,20.975556092786757,14.264034936540105,4,0,0,100,498,0
145,30.442782843533436,10.804777973559565,4,1,15,52,1354,0
32,26.049419314136887,6.022571087097154,4,0,7,21,422,0
13194,86.87255216298928,282.072550350367,12,4,4021,7791,157,1
175,41.173824543153664,1.806539738062589,4,0,17,218,572,0
145,27.265589830179593,4.653089243984603,1,0,2,113,240,0
136,2.731922712068098,0.3229218540188806,3,0,11,149,987,0
181,19.201283037661106,1.4692517719488833,3,0,16,102,954,0
181,37.76515502398854,7.773199178660336,1,0,18,163,368,0
18143,77.2764117440923,214.1749304371799,16,10,3189,3461,183,1
109,25.710158339336544,13.138014515554353,2,0,17,130,625,0
153,22.53020088890534,10.092883408431282,2,0,17,195,304,0
106,3.3984082062036616,3.14844485294746,4,0,8,159,622,0
8945,70.95958616211001,61.450760412864156,37,1,1505,10941,87,1
111,4.66867836582542,11.825656476137716,2,0,13,38,606,0
81,31.86887168652946,1.0005045196144045,2,0,9,174,156,0
95,15.929431761620968,3.8463092675932056,3,0,3,290,1009,0
52,17.674060031750333,9.136220855598829,3,0,11,253,1269,0
73,29.522272627545227,11.900219115554064,2,0,5,140,912,0
158,34.675988009753794,9.876576768526888,3,0,9,155,293,0
35,26.596412486532216,1.9829151150103765,1,0,15,247,1315,0
144,10.582355277773015,2.3865067984116153,2,0,8,198,1290,0
44,32.213108160272995,12.324873223358894,4,0,1,45,1428,0
30,37.10145371713209,3.7047231489766252,1,0,16,125,1156,0
6684,78.22522265618414,24.298780320945134,19,14,3915,2462,40,1
14,1.0005119292361102,8.6288751169197,1,0,7,152,1374,0
131,23.531897374741213,12.64827384791461,3,0,11,36,1102,0
14,15.353702307160987,3.940552712858834,4,0,12,268,266,0
10233,94.6938703370629,149.64028531469603,20,9,1482,5714,180,1
116,26.665518920105,12.333376011736823,1,0,18,272,1066,0
34,4.7577333271597535,0.8648821327227959,1,0,4,76,1490,0
125,29.132491223882123,8.491651577477603,2,1,12,287,297,0
74,16.69023174339305,8.799488182889428,4,0,16,44,290,0
96,8.272517566290126,3.426505475933478,3,0,18,133,1269,0
40,39.26458613173554,5.731728499055134,4,0,17,103,1094,0
189,13.104350788601476,7.94885671831543,4,0,18,121,895,0
14755,80.0895565380192,114.10469494650593,43,14,401,17049,39,1
7,40.78100106109822,2.5535869113588463,1,0,11,278,492,0
10,30.430567365790154,14.30155672636868,3,0,5,250,461,0
18721,75.08090864780995,202.55543889467285,45,8,3068,6179,144,1
193,13.191046987389583,3.125751834508926,1,0,4,250,908,0
154,43.965545090507035,8.09466459806091,4,0,16,105,1392,0
36,4.5892967269001,11.062198002993837,1,0,18,200,1029,0
122,14.321774735166702,11.354550049609186,1,0,17,268,91,0
184,15.532525370091713,12.06537831767061,1,0,11,245,1495,0
86,35.384331905207205,1.971629282452501,3,0,15,78,1456,0
62,44.86577436611346,3.0974772099971215,3,0,9,47,1005,0
193,43.493899530908635,0.7957974864881847,4,0,0,27,252,0
45,25.50265149957222,1.272608792941891,2,0,18,115,1096,0
87,6.150834171201957,11.076185354759978,3,0,12,216,1146,0
11,13.819887204860757,1.4130858855583106,4,0,6,119,1109,0
54,26.657729640381675,12.999335832891225,1,0,6,214,1033,0
191,16.140031185375452,14.014496057207516,4,0,19,196,1153,0
29,8.511167985749129,14.151008573721468,4,0,9,235,187,0
123,40.96205350281421,9.124918682852147,2,0,1,188,1032,0
102,1.5348979450050195,4.9714372937949545,2,0,1,137,482,0
4,9.995728388428015,2.800628807718124,1,1,0,229,1436,0
141,14.543016593952808,1.1781231403457668,2,0,14,31,550,0
17,38.33071667998309,2.8089461384375514,4,0,12,224,22,0
112,37.882138527599224,2.2134815244930794,3,0,13,274,325,0
14608,99.0212819679691,221.48247099276426,33,5,2791,6561,76,1
67,5.552902800449725,2.591218232754299,4,1,17,127,1245,0
166,43.33057395341947,11.681802007344382,4,0,2,111,701,0
9601,82.57316546905606,165.57652120080414,15,1,3192,2510,135,1
136,24.974794185293312,13.064571329327155,1,0,8,134,1232,0
17505,89.72966827056169,249.91545636944426,33,10,313,14558,177,1
59,16.7846704638871,3.8878456530936547,2,0,1,103,400,0
190,35.9805076248527,13.43708276337837,3,1,0,51,633,0
38,24.568890371293456,4.934129606662486,2,0,12,25,521,0
121,14.27313863177055,11.938829186883412,2,0,11,275,1330,0
168,8.998270157563924,6.611802509201585,4,0,14,18,21,0
119,11.53227279905004,12.497407014359762,1,0,17,154,620,0
52,16.05273531799814,14.717339387814635,2,0,11,35,467,0
6,42.35667240697119,6.046728563405647,2,0,3,41,1395,0
157,33.404819683239204,1.5445866416249177,4,0,11,158,1226,0
24013,92.3858172275892,187.19196932667373,48,6,1028,3206,150,1
89,25.187559227185687,14.875928487192004,4,0,18,131,819,0
68,19.758004935590858,2.220064657302944,1,0,13,221,1242,0
54,14.373470539221202,8.997037638231,2,0,7,55,1165,0
135,18.840753758538412,11.463536999681116,2,0,10,104,402,0
18,23.507128195617693,13.309805278204166,3,0,11,178,69,0
163,29.827643439070872,11.569607380045225,2,0,1,106,566,0
3586,74.7913920977207,292.09220566441763,8,3,4419,14128,80,1
151,5.48127966626484,8.585726853231876,3,0,19,253,1217,0
140,36.12490067720422,9.66892359134019,2,0,7,143,72,0
156,19.09238093825761,6.031017126116172,4,0,11,192,555,0
161,37.44017825023193,8.416198956110403,3,0,5,42,542,0
125,34.8554734945485,8.373423506858309,1,0,18,236,1453,0
122,34.97468921509688,13.67088887462813,2,0,8,128,475,0
26,20.473403221043878,8.645143815534718,4,1,12,16,1489,0
195,1.3237445035182396,7.564442597697139,3,0,6,155,573,0
86,33.675983545994384,4.339655093053636,4,0,1,137,112,0
1,27.28174464655132,3.299553364311292,2,0,5,29,1197,0
189,19.852147769347,10.76337351587744,3,0,15,262,220,0
129,37.99998325772791,12.977035973697202,1,0,13,81,1116,0
174,28.74795297925554,8.859496809753747,1,1,3,217,127,0
81,8.584999932627314,0.4925752496893724,2,0,19,195,586,0
105,27.441601319659636,10.46025234940333,1,1,19,65,154,0
27,2.8258823224358802,7.094579446095253,4,0,7,294,863,0
157,31.68699115843647,10.90864063557526,3,0,16,261,303,0
153,17.5968784281361,2.671875782243891,4,0,2,73,1252,0
148,20.781667528491543,14.29152382088114,3,0,18,220,1308,0
165,12.450410311350092,8.464201780421135,2,0,5,276,916,0
13,28.724097581913192,11.541127754575244,4,0,6,198,1061,0
35,24.02966032056836,9.272803510578587,1,0,9,136,1489,0
67,29.331950110981648,3.977149382242729,4,0,5,199,539,0
21,37.62520583488395,7.185345172230281,2,0,17,200,500,0
121,37.368247264424426,5.007733198809843,4,0,7,50,779,0
86,22.43163195023743,14.302345320120775,1,0,18,245,388,0
118,9.40673413123976,6.810812138448371,2,0,16,167,354,0
96,3.156204378736036,8.346100461339539,3,0,8,277,517,0
169,31.5779372510941,3.1353891598372323,2,0,2,296,1405,0
86,21.2112244476042,13.534635462019306,1,0,8,203,1150,0
144,3.9112683087153797,7.8503873230634955,1,0,0,260,110,0
162,4.9164283354243885,2.190246690540705,1,0,2,21,723,0
128,28.000067731532887,11.32962545485276,2,0,2,92,461,0
148,22.12593734408842,11.860576691711437,1,0,9,282,924,0
144,4.473333729648444,4.769178647413445,1,0,4,162,1087,0
167,30.736208704579237,11.868982853429527,1,0,12,293,84,0
16,34.30478118558861,6.828040778498541,1,0,11,29,1385,0
52,42.394518902136745,4.948732382170856,1,0,9,191,359,0
61,22.834525763635813,9.487515205382328,2,0,14,269,406,0
87,25.425886617140293,6.8686337929703365,4,0,12,38,633,0
125,36.03462382382021,0.9244525687338568,2,0,14,62,205,0
193,29.06206224120603,13.347878400338898,3,0,13,16,1364,0
107,33.9559567658181,7.111115805773218,1,0,6,71,1088,0
19942,96.70302580097524,217.53555145891755,32,11,3545,5656,123,1
166,22.22969466321717,8.923633688395352,4,0,4,55,115,0
77,27.235377310238892,14.07362538418651,2,0,17,16,617,0
158,7.339466584580781,12.040435878408188,3,0,11,241,722,0
194,41.513283846408285,10.997041918260546,2,0,19,269,168,0
182,22.28731175386848,8.359406711446464,4,0,17,268,717,0
97,21.846024870634608,9.366041261966863,3,0,3,252,636,0
66,29.081874261786904,9.000504584570011,4,0,19,13,283,0
63,8.4009608537268,2.644328223410746,3,1,7,75,453,0
83,11.009190562515759,7.026262075190377,1,0,0,61,323,0
62,2.7332406824840536,5.016625939825119,3,0,0,141,445,0
0,28.243600356096817,7.832166727544878,1,0,10,60,1196,0
183,18.61376479161174,6.896295413304836,3,0,17,24,580,0
153,16.662142032708182,8.016828810830319,1,0,0,60,1418,0
153,36.74884812594355,10.67800279417027,3,0,10,175,380,0
5,35.61581264827579,9.838683992774875,4,0,12,276,1158,0
91,28.61743059498758,1.265807268842339,1,0,6,180,675,0
157,11.247680900577194,13.868759298884614,4,0,1,12,577,0
7,30.640398368895937,5.564605938746507,2,0,19,182,1040,0
58,42.38815996418901,14.605545622375052,3,1,10,116,819,0
24,42.293214961422805,8.271173957454485,2,0,12,266,678,0
14386,80.08127687790063,77.7319615517151,25,9,3275,2707,137,1
121,6.795219549079624,14.111980446706564,1,0,3,100,140,0
9142,89.91046839217654,241.18342551343088,36,7,1828,6822,22,1
98,43.151091542951185,13.833738565912883,4,0,2,251,939,0
3,34.868182405062726,0.4015198663352617,1,0,16,107,472,0
29,30.74809350324138,12.570172515648451,4,0,18,10,1140,0
71,3.4939390152967578,4.390218001988963,2,0,10,48,849,0
46,3.525241122284036,14.496052570034598,3,0,6,60,119,0
179,5.525074054928975,8.17629684194831,2,0,8,21,365,0
94,32.43037197233989,4.091316383979867,2,0,18,165,1015,0
147,25.54644172904322,10.376552869441841,1,0,7,194,615,0
93,12.421363768102164,13.328482841003703,3,0,9,29,522,0
91,26.71989698341616,1.9412301099324085,1,0,1,114,270,0
154,31.865960464467307,7.505652351880379,3,0,9,83,1401,0
148,8.025319372154632,14.292120376471436,1,0,11,258,1306,0
197,33.18539982693709,2.643093786003282,4,0,4,286,1003,0
36,39.07301339199215,1.2672394446538995,1,0,11,224,883,0
123,25.48444404334817,11.175660412128284,4,0,18,209,1108,0
76,27.566881320589193,9.941932990003643,3,0,12,109,155,0
18800,87.93512500384253,21.20747828427327,25,3,2732,15538,16,1
193,19.918135270312156,9.244248746201835,2,0,14,98,91,0
86,9.100458227882108,8.347610191822032,4,0,11,180,1451,0
64,3.9476081534172947,11.851427795548219,3,0,4,240,1242,0
130,17.052188689143144,6.116783978187739,1,0,3,152,338,0
111,4.101645608298364,7.8126844431297116,3,0,6,219,1238,0
192,26.173410403777076,14.955158491907012,4,0,9,179,414,0
120,19.847479225029236,6.279563457696907,2,0,6,160,825,0
71,5.863899317577543,3.0452969594266075,1,0,12,208,204,0
104,6.861236662011662,5.120136504843509,4,0,5,17,1203,0
198,22.252620965133822,5.116914466573249,2,1,12,172,883,0
34,42.72826032271244,14.874754111396085,4,0,15,251,568,0
54,24.14813658306785,0.5533107408458757,4,0,7,47,50,0
105,4.95458147639107,1.680771544224486,3,0,5,224,1318,0
172,26.315803617680338,1.1409426182014593,3,0,6,195,209,0
186,26.853778328813682,1.890372955160767,4,0,7,226,1405,0
55,26.56261781179007,4.552165654840792,2,0,12,66,615,0
60,40.26864013388851,12.58216356947758,3,0,18,68,749,0
99,43.47331983973759,10.343225580340949,2,0,17,152,24,0
97,9.097969970209395,14.179716570240418,3,0,8,79,462,0
187,40.19661452474388,7.727341606917397,1,0,13,220,734,0
6,26.715752029326744,6.630649259694172,4,0,11,206,77,0
121,31.63087038606871,6.216789486836275,4,0,2,33,1489,0
39,41.26267223075779,8.79166035882891,4,0,1,201,20,0
45,1.6020262494699686,7.991703452823488,2,0,1,296,353,0
17243,77.64583034207574,217.81037201626674,37,6,2687,19381,27,1
25,19.44404653969334,5.883182906933515,1,0,5,297,1111,0
20168,79.80616448878865,56.86830830836655,41,14,2925,10796,6,1
12,17.876965204320854,9.219981841237502,4,0,10,292,792,0
80,42.19117382824385,2.4733172565069315,4,0,5,53,1258,0
115,39.150648024673686,0.7197797482213956,2,0,0,275,1154,0
12,12.658550708439494,13.603188127394237,3,0,1,21,1220,0
69,2.1338623456314503,4.708094861345461,3,0,6,106,666,0
79,27.425660667433984,12.686166589430352,4,0,19,57,1326,0
5548,90.52045888875094,22.505516688991992,43,6,2327,19537,38,1
1,35.64502917710264,4.861882451273974,4,0,12,222,1138,0
11,39.79195536371807,3.212444501451163,4,1,12,14,900,0
83,14.870535124575836,9.132627969089413,2,0,15,178,809,0
22151,79.49941414077279,63.96814384722293,45,1,1650,8994,83,1
6,14.344579197368448,6.990606574270704,1,0,5,119,701,0
105,22.954589545714896,2.1521516926054027,2,0,8,104,1129,0
174,36.424108579179155,5.200378543930044,2,0,17,114,952,0
146,11.282379748315998,0.9066026851945792,4,0,11,161,214,0
44,25.51908066601007,0.9267107368118683,4,0,1,13,1222,0
18,16.61668507858844,11.78089251965783,2,0,8,143,508,0
177,16.43123067165171,11.454867636251914,1,0,16,141,188,0
39,17.57376337889635,10.789312975537634,3,0,19,203,1402,0
45,20.876536943183527,4.980737779439677,1,0,14,226,909,0
56,41.07670598754917,5.698016500166031,3,0,11,31,1206,0
144,23.56648866143178,0.44953942364520116,1,0,14,61,887,0
85,8.959243660671525,11.7446946300427,1,0,0,174,652,0
67,40.18897204032107,7.326385040204743,4,0,11,123,749,0
122,3.5721514384225883,10.805056657015184,4,0,12,231,878,0
11,19.882577646166162,3.394736617046323,4,0,13,255,1024,0
72,31.090285495997406,4.063013563346271,4,0,15,259,1076,0
8074,86.17607463218779,113.74952493737445,6,13,1368,4177,91,1
87,18.306109496948302,6.488004612097074,1,0,15,183,910,0
28,39.43921526443748,0.9950902084892383,1,0,4,263,1,0
165,17.81343375623882,11.733703702145599,3,0,11,77,76,0
116,22.223673177641132,6.601632795123814,2,1,9,256,706,0
92,10.311979537073892,13.528762196168794,4,0,4,203,940,0
78,24.793687777223887,6.41302796479467,1,0,18,34,1297,0
48,27.073000041652378,0.9760606465150923,2,0,2,145,885,0
154,40.06106708555427,14.898244765015157,4,0,10,146,1247,0
46,34.35377852449353,7.805540398029771,1,0,15,46,805,0
56,14.567493353752745,9.871081796584283,2,0,14,256,893,0
167,9.357128721084882,13.35997273276246,1,0,1,275,1215,0
153,18.689197543082592,1.4579463524366378,1,0,5,236,727,0
191,8.162803525074093,8.881041509721149,3,0,13,252,847,0
107,13.305649688043498,12.836818789583601,1,0,2,219,1484,0
22,30.524571143448032,4.137351797281171,3,0,9,49,1456,0
140,27.844748569594323,7.772449481347993,4,0,9,50,686,0
1,28.519071807330114,7.8492319799271,3,0,11,297,1053,0
124,23.181845044411286,0.578432749182668,1,0,15,67,1016,0
184,33.68678572138931,4.96666639564533,3,0,0,176,122,0
127,38.97186057979037,3.2218364422567287,2,0,13,105,847,0
63,30.93103028653646,7.192127186203383,2,0,18,103,809,0
193,44.24966270040684,3.303571047223426,3,0,3,219,448,0
13,20.01096054293118,10.440482415000206,2,1,6,233,1016,0
74,5.63730159674343,10.42273785958564,3,0,3,120,435,0
115,36.332091166144835,14.167012310362432,3,0,12,205,343,0
3,43.72137098260322,9.853855783380396,3,0,17,232,1286,0
85,10.51864221575639,0.832462001959271,4,0,16,224,145,0
105,9.600152016209595,1.7448740903240134,3,0,7,188,1031,0
11,27.069251731670242,11.975116055908883,4,0,19,141,93,0
145,7.089493782597481,4.3934273865972875,4,0,5,179,168,0
169,44.00048821978489,1.7723919726746704,2,0,9,150,1445,0
160,7.670183291204372,4.24543608732545,1,0,1,136,1289,0
130,41.91655757840925,11.671937108152083,1,0,3,164,1266,0
6078,94.66678975769376,276.4987820004018,31,5,1091,3281,6,1
38,42.675104367610906,9.994704405877528,4,0,6,130,115,0
21,36.3413334227401,9.362280712843882,3,0,2,106,1194,0
142,29.2829831022776,3.77565760318556,1,0,2,236,183,0
13512,75.13374255714855,79.52979963733623,21,13,2250,13217,71,1
68,10.6234869719088,12.604198500287938,2,0,5,30,1021,0
56,21.2696028328197,5.378559247781624,2,0,2,184,518,0
105,40.020587736634205,2.2526878792596197,2,0,11,187,1177,0
160,19.126156181500487,11.150403497402552,1,0,13,132,1106,0
21,20.151540304888368,12.713659404734502,2,0,15,267,241,0
39,29.40517598280683,14.70901488696776,3,0,8,137,1306,0
14,31.84829384402788,7.097848428579191,1,0,18,16,207,0
16,23.187592274893387,11.126535580264237,1,0,17,207,400,0
197,26.77556934547075,8.433597893944722,1,0,3,245,1432,0
121,36.136456877746355,3.8683859027886784,4,0,5,121,677,0
11,20.119362385397796,6.818464431087907,4,0,0,31,874,0
94,19.87355067092635,2.542582642202721,1,0,17,199,1136,0
179,14.202951647839356,7.925512783438877,2,0,14,288,1285,0
143,21.103075156439743,0.636956924737893,3,0,8,151,1178,0
44,44.63419017728037,4.712583348349648,1,0,0,76,149,0
46,19.974290270828547,2.761570263639063,4,0,14,133,1115,0
64,27.442116579889877,4.024713818142083,4,0,15,102,230,0
145,26.774243920966097,13.52823794236906,4,1,12,187,304,0
42,31.94419802022787,6.334857166771796,3,0,7,35,189,0
122,9.64542654607329,9.394205640697708,1,0,10,53,742,0
17,31.541792774954423,10.102422345093393,1,0,11,62,534,0
20942,73.27901892312778,108.61169786695156,16,3,2401,19991,155,1
23,22.30411792619426,10.75507364290953,2,0,2,115,1045,0
145,16.472594383043834,4.515586345520653,3,0,9,214,495,0
99,37.31828922145372,10.620265908106658,1,0,15,227,792,0
3134,88.14803165839172,38.60933275116372,44,4,4871,13274,80,1
98,2.3211442344932838,13.84632883309642,3,0,10,171,680,0
54,33.06623439582849,12.025426407984645,4,0,12,39,918,0
120,12.815485266974722,9.963350607814448,4,0,2,142,790,0
85,25.89288148825042,1.2318082757772613,2,0,0,201,140,0
70,5.6550468920031545,14.30078425246984,3,1,19,47,1285,0
27,23.418390421864885,0.9227426385810441,1,0,3,98,319,0
132,37.50075949005419,14.40417702420497,3,1,13,17,1278,0
110,10.306296968397794,7.3725746779481405,1,0,5,47,862,0
8,37.460727869204725,0.7035866768256953,3,0,4,251,517,0
119,39.19631903415077,2.6832600356868723,1,0,3,127,946,0
14118,95.55165100006425,198.53161739638588,31,12,3366,7867,154,1
130,11.817287469709612,11.729774861079624,1,0,0,28,395,0
13,16.9178057245929,9.701048937339253,3,0,7,28,987,0
148,16.080160718827916,12.424656411571588,2,0,15,232,55,0
137,43.52857133274394,1.8709034192959344,2,0,12,281,499,0
22,37.878818899500274,7.792092565680901,3,0,16,177,1222,0
188,27.423529801082253,5.680588671520512,2,0,4,273,731,0
60,29.40651339057011,3.147114646522658,4,0,1,181,1030,0
129,21.889836265920653,9.350406228335475,3,0,6,45,1301,0
46,36.451439129401585,3.1704993210639114,2,0,0,163,390,0
150,16.304183287054023,5.030217606637534,2,0,18,46,570,0
16,35.884961992035194,10.928349061664804,2,0,3,13,600,0
169,5.669720849596855,14.880755434321282,2,0,17,126,1303,0
138,36.08650437343323,13.029436112217786,1,0,1,103,404,0
2,26.768790758867166,9.85386028737612,2,0,12,297,754,0
136,12.143984874999465,7.6079430721899755,3,0,11,227,1132,0
95,34.535681835992364,0.11349694516674436,2,0,7,275,161,0
11420,88.98054180168481,36.34563950702658,12,3,2139,9258,72,1
87,8.880177330439988,0.9686283375491199,2,0,12,76,98,0
12,17.4525260685638,9.228996735651647,4,0,1,137,833,0
37,14.945475357760381,7.187259960781265,2,0,11,204,1045,0
179,28.577147335862573,9.393759457943164,3,0,14,11,437,0
149,39.827412419293594,8.87251600711864,4,0,3,272,689,0
7,6.129655280450656,10.470867964137794,1,0,15,232,569,0
191,33.22564615856868,14.784309585502749,3,0,11,44,594,0
106,4.590343680212888,5.281774454306123,4,0,8,237,514,0
9124,82.13841499085322,214.83522908077796,37,5,4856,6391,38,1
124,38.2920958544084,9.174086754673734,2,0,18,123,1402,0
169,29.896097327750752,0.9420837928716843,2,0,18,222,446,0
16173,71.87973958913832,165.15376358810397,10,6,3386,5006,198,1
155,10.702187591168473,9.470686659361863,4,0,10,219,491,0
194,34.05627267244574,2.117740862285638,3,0,16,29,952,0
19,27.58939447214507,5.322006014537125,1,0,10,231,1484,0
1211,90.40891762494601,269.81367747029736,16,2,2240,1120,185,1
96,37.0657881223402,1.569994913318855,1,0,1,219,17,0
145,36.82153016601112,1.1960939778149084,1,0,7,73,1077,0
177,25.911950413903117,3.7475181077257163,2,0,13,85,395,0
30,19.1256481389396,8.000688142857017,4,0,6,226,1234,0
14520,79.29280150027515,165.3993140836688,44,10,4607,2467,131,1
160,7.424924849066352,12.548743719085113,1,1,11,145,1394,0
83,8.060355027933962,7.964400413604749,4,0,2,57,545,0
197,29.282206193116828,10.76296970331066,3,0,12,22,925,0
89,37.18477329215559,3.9310657095805484,1,0,1,54,1227,0
106,16.6110807448811,11.065437339867938,3,0,7,37,170,0
78,14.114912851480183,14.235703281763794,4,0,5,207,1449,0
131,7.034533478720699,2.7175172397319094,4,0,14,94,1059,0
73,25.498536080840267,10.993434446753076,4,0,2,194,628,0
33,20.12583852592469,6.806851662265058,3,0,11,25,616,0
0,28.883310389683277,6.19781864940242,3,0,2,35,247,0
59,3.2142090491252135,12.681952363489295,2,1,12,150,1478,0
104,22.920329163655083,1.0859139537051947,2,0,15,58,1324,0
100,32.78443433584313,12.2913588204199,2,0,9,167,44,0
187,41.98557702443274,0.16517233601683912,3,1,19,185,1472,0
48,7.450765215840139,10.960641823282174,3,0,8,165,1246,0
68,28.03797625122847,1.643290834934924,4,0,10,127,85,0
57,22.664150142854954,9.731385876320415,1,0,13,91,919,0
110,6.220325692629533,7.346944302294699,2,1,7,299,1397,0
99,15.588846758956526,6.52164763642415,4,0,19,172,445,0
78,40.791830099729715,10.681581672193394,2,0,9,17,1200,0
148,13.366189007343124,4.393466823083306,2,0,4,255,1486,0
97,35.934023727485986,10.606185884921025,2,0,14,18,481,0
68,20.02323396174728,6.91273325233121,4,0,10,25,57,0
192,24.479144977605277,2.6725952763540874,4,0,19,139,1450,0
98,38.10635138266686,5.181613305176291,2,0,17,92,358,0
142,29.72003744619786,0.1864761557598223,3,0,9,212,310,0
121,35.96516726550712,9.025288293007723,2,2,5,56,1054,0
11,27.29740443891894,0.22448509216486473,2,0,14,205,986,0
92,34.21703175054222,2.5889225419384743,2,0,3,227,798,0
108,34.07686766541698,12.86527620293787,1,0,3,226,602,0
29,21.27133553932412,9.79809467868708,2,0,15,90,1256,0
121,27.659459867897255,9.715649786434057,4,0,16,176,1049,0
160,3.933032512225468,6.958872073189709,3,0,5,17,105,0
138,1.5023912719792398,0.2902048551166707,1,0,11,14,1210,0
13533,87.82049568774778,265.6965960074087,10,9,2644,5216,168,1
180,44.025562514078395,6.308959091323724,2,0,17,139,1172,0
115,16.01475578933971,0.7307839385227198,3,0,5,175,428,0
122,42.119930751482684,5.135752690683134,1,0,2,90,473,0
151,36.688600917433995,4.774655356785344,2,0,16,155,1483,0
86,44.18254269656911,8.854670405031994,3,0,15,126,1048,0
160,1.632783627171741,6.223313059734958,1,0,11,293,248,0
114,21.980910620257472,6.281229337752132,2,0,2,79,1417,0
47,4.50746322024054,0.37601619351474247,4,0,5,10,442,0
142,36.98417123691239,8.385254294352777,1,0,4,270,835,0
93,7.4510405150330605,2.6413496322971253,4,0,12,227,941,0
10419,70.95328787271634,269.98865881054485,41,9,2503,7767,159,1
52,3.649985575613088,8.12106294294769,2,0,17,38,667,0
116,36.31617374352891,10.340516765755604,1,0,5,218,1202,0
2943,73.00991282851584,216.41603153211463,26,14,3512,13801,100,1
53,11.998105641495334,7.28811166376146,3,1,6,223,980,0
1,29.51649359948714,9.629352013021936,2,0,4,257,1239,0
11937,75.16191450980077,118.69655085446755,45,12,4925,7947,126,1
140,9.212157351098032,9.125816391448684,1,0,8,72,404,0
97,43.59489573023339,10.93425483354072,1,0,17,146,1300,0
63,40.845614053217815,6.626166443643756,3,0,10,207,1021,0
8,35.59304869948655,13.074877867837886,2,0,6,150,730,0
46,10.700701163972273,9.191660785925963,2,0,10,59,222,0
136,3.280775161268077,13.963684148120963,3,0,13,230,1019,0
75,28.156545993146533,9.550222055565385,4,0,18,141,1113,0
72,9.506926278930296,7.642842437754115,3,0,13,108,725,0
189,33.075166712855925,9.155665254277025,3,0,2,195,916,0
164,41.020834804733255,1.711037951908731,3,0,18,250,427,0
142,6.572033522808471,6.1159734961273635,2,0,4,42,376,0
156,34.73022156733027,3.159985951880781,1,0,12,268,749,0
160,6.592861598149055,9.226093655746542,3,0,2,83,1092,0
116,9.577481834687033,3.1167663772266754,3,0,2,57,1067,0
194,14.322105643966555,1.2662897628751504,4,0,9,57,442,0
109,22.648076095011643,9.14827338451217,1,0,1,68,1131,0
8,41.00489399308543,12.094763629195954,3,0,7,203,259,0
66,42.905017105543884,8.328111974590314,3,0,18,111,412,0
118,21.31948518872882,14.981375512430622,1,0,14,90,1242,0
104,42.03293518306228,0.4222421876807274,2,0,14,222,566,0
179,13.4298269028055,2.9172570412973977,1,1,7,177,1139,0
175,42.63222333561549,10.222962972875148,2,0,17,202,987,0
8886,70.62836058195543,76.947946379385,9,1,3191,11314,89,1
175,40.08041938509738,9.763158969596802,4,0,19,104,223,0
44,37.02457009729824,10.659283127486054,3,0,10,189,1160,0
142,31.769768530833364,11.947596765421682,1,0,15,236,90,0
85,21.637097347586874,6.309561003298391,3,0,14,82,1347,0
33,3.921835552261884,3.6839727890876106,4,0,15,69,679,0
116,17.487766702324564,1.3694871156389636,1,0,11,90,283,0
183,10.39564902689386,1.808135159427032,1,0,9,126,518,0
137,31.673975459239607,2.3396282750111346,2,0,6,62,788,0
109,39.70910570095112,11.645763140568937,2,0,13,49,1181,0
178,26.39621375382559,10.534564672868726,2,0,9,257,930,0
105,36.90205473426909,14.968935502743088,2,0,8,277,327,0
117,20.027235335526132,6.710320134391833,1,0,11,26,1062,0
56,38.121943305259016,11.933024361680381,3,0,15,195,7,0
144,18.570633528765793,13.945988530448592,3,0,3,264,1466,0
125,23.89423955242097,8.728180662521318,3,0,4,145,1218,0
112,33.407550046730876,10.109511126797502,3,0,11,70,1018,0
81,7.797656976216736,0.4308219135189697,2,0,9,64,769,0
196,10.188561161761958,4.702027398623302,1,0,3,134,884,0
46,36.544583880371384,12.549478968895684,4,0,18,282,250,0
126,39.917064014257406,2.4449398715461266,2,0,9,274,940,0
9,14.269822274436269,11.782520519444335,4,0,1,168,487,0
2389,74.0342858823584,82.01165911889522,8,4,4801,11819,36,1
148,42.16301300138972,8.819782907925234,3,0,17,196,362,0
34,29.839183051389096,10.884661371794797,1,0,3,280,797,0
58,4.200337702261409,9.180734930176454,4,0,15,284,981,0
169,34.041351127986005,3.446277501543126,2,0,14,215,681,0
7865,77.65515803350104,159.55139369181813,23,4,1181,1002,92,1
7,6.556472793721034,6.069801941725504,3,0,19,43,1076,0
2716,71.7598249480147,90.13726131689076,32,4,492,4869,128,1
0,5.64127080828557,12.108954917197213,4,0,13,146,1276,0
103,9.979857090853452,0.27688306537345353,4,0,1,37,1364,0
41,17.328969290925624,6.805361168964258,2,0,18,220,28,0
103,42.897758570694165,4.266061346412464,1,0,9,213,1419,0
139,1.0628470954837757,4.994784909634161,4,0,4,205,229,0
12,11.184909405673118,14.180273304782062,3,0,1,179,721,0
85,23.34342281418628,1.4069928616274685,3,0,7,83,1319,0
57,21.009631072317088,14.258146967394909,2,0,5,194,897,0
31,1.9211011843762638,5.8493057578580245,4,0,18,238,1412,0
4772,91.9005419687491,285.825281594435,5,14,2519,8560,124,1
48,16.832295628008925,1.6003346564466663,2,0,12,239,1050,0
143,17.99665902640399,14.083176364250606,1,0,19,127,754,0
108,23.10680063532056,7.772419882024014,4,0,11,163,1270,0
14555,95.40524674301302,260.3514284998766,30,9,2272,2143,125,1
79,10.273576374915875,5.538877030178464,4,0,8,187,1136,0
20053,86.40676401571451,173.05633149429855,35,3,1359,15341,14,1
93,19.92773997154978,14.803269253280462,1,0,17,83,1168,0
51,38.705805714253074,4.754847875426513,4,0,18,38,760,0
44,6.2779294361626725,3.7447824833787644,4,0,18,223,576,0
98,2.565970155484961,10.509670282536145,2,1,0,103,153,0
100,30.90386002538632,4.227679188157402,1,0,10,231,576,0
10178,72.11759468343817,248.84420072400522,34,10,2251,9067,167,1
113,14.993742914558876,6.6881264578808945,1,0,4,132,1178,0
199,28.52859616942394,12.883483986494811,2,0,9,134,519,0
123,16.280692869450704,12.809046093738857,2,0,12,181,1309,0
22,15.312787207916902,6.678856754645564,2,0,11,81,478,0
11,13.437363863810997,13.941306360032087,4,0,15,144,894,0
103,13.385001307840454,0.897815298300856,3,0,7,279,339,0
115,31.894428232000497,7.004526031189228,2,0,3,41,273,0
80,11.424655731455832,8.944797112251575,2,0,15,151,1480,0
76,16.475231990187567,10.041947946635268,4,0,10,249,366,0
63,36.043384707033,10.465597181908551,4,0,16,58,143,0
21919,74.70546949183097,172.97039959986853,34,3,1127,11155,27,1
29,6.172257206609679,14.31656145940898,1,0,11,290,1031,0
71,1.4625818798327535,3.080132924579939,4,0,3,81,818,0
174,31.838090678730715,1.6551347254341522,2,0,2,49,1400,0
104,26.817787945162014,1.978930170212399,3,0,6,76,177,0
98,19.070035852452445,11.784388970557986,1,0,6,175,1179,0
193,16.215468330058698,8.603179308572482,1,0,1,28,1438,0
163,31.398894968236203,12.490451496065743,3,0,5,291,878,0
143,11.709454061615341,3.229705325651837,3,0,11,26,234,0
6673,88.79403607245682,150.56285932057773,31,8,3911,19649,120,1
137,21.94649489464672,3.375030608232664,1,0,13,63,1360,0
145,43.27283732193964,1.8194578883843406,1,0,10,79,1078,0
150,2.0431411603588088,10.13540012357716,3,0,5,113,814,0
189,9.41465367934934,12.89539376194429,1,0,3,70,1154,0
20868,96.49840394536038,174.9098392650564,24,3,4822,12696,163,1
1722,72.24221371565658,59.27195198838356,41,3,2606,10376,170,1
170,4.742480961526608,6.240194783524833,3,0,9,88,1125,0
158,3.076654874684676,3.554708246854441,3,0,15,271,845,0
117,28.065682183812793,6.094190703337148,3,0,15,198,313,0
64,41.066651557434554,11.77102237733911,3,0,7,84,819,0
154,24.61073040760607,5.89793284326395,2,0,16,175,1341,0
191,9.98665268021087,8.028557789635862,1,0,5,230,1107,0
14967,73.59233007433576,256.55138674417685,5,7,4162,14657,52,1
75,7.2127587956361365,12.972159412782286,3,0,5,128,177,0
126,16.511286617222762,2.98613436250696,3,0,1,21,1183,0
74,13.639338574590976,4.5704541608729,1,0,5,64,590,0
11157,93.16840287171271,287.3073695075819,35,9,4867,12456,187,1
101,7.857467608263512,12.161150823269974,4,0,4,140,68,0
103,4.39625132996459,8.720921694034951,1,0,19,70,675,0
187,15.875714012115502,3.536515739192533,4,0,15,128,632,0
177,19.081047818361363,14.979310262858068,2,0,16,247,142,0
8490,78.48830524300631,174.62360109984772,17,2,1890,8246,81,1
189,37.41027807442173,8.092514707892454,4,0,13,274,479,0
90,21.722251107128272,8.265520308714112,4,0,5,252,25,0
45,33.6642772319504,4.150724828216145,4,0,8,268,16,0
87,19.014131159948807,14.640475855474696,3,0,3,55,44,0
186,18.135125923417622,5.150149677061691,4,0,16,20,1363,0
7,36.76544274761734,7.1674510011993355,2,0,5,190,697,0
24854,79.78263939340265,125.64292148544837,12,11,4320,12135,20,1
199,36.09061799304538,14.702773950349624,4,0,17,232,1076,0
38,18.61569158095255,7.625361224029089,1,0,8,74,1477,0
141,38.67075936776505,13.11603807386193,4,1,13,240,1460,0
17,24.38917471821617,12.341507607236485,2,0,15,284,882,0
19,10.226372206928838,11.47294933402707,4,0,19,182,966,0
84,5.700123690415587,13.934978918132202,4,0,5,146,137,0
98,30.123669364764858,10.739409526766314,1,0,3,295,297,0
16516,72.66014312068762,170.88736643038126,41,4,3192,7352,158,1
151,35.64436615856801,3.864678732352107,3,0,15,270,142,0
27,17.873169393301872,8.377083778092699,2,0,19,164,806,0
121,43.60638624436722,5.035085837884508,2,0,2,227,1235,0
83,31.406455760527518,9.378845018024416,4,0,8,217,943,0
14682,77.63663478237157,123.21130696196393,21,10,1096,2307,77,1
9,4.789108862280447,10.72412021410754,3,0,3,88,633,0
2552,85.02625375163086,99.6108576789519,45,13,2420,1608,76,1
5,23.668457950081404,11.649676558156061,4,0,14,235,1190,0
161,22.333784547508557,0.25248446049048695,3,0,16,249,285,0
46,2.370560082909207,8.28937228647992,2,0,9,283,1329,0
4110,89.6920255964064,285.8458784444049,10,9,3235,8276,129,1
48,10.623231214237663,12.03745539910034,4,0,11,73,868,0
36,26.5483899400239,1.34971870442498,2,0,18,20,191,0
29,8.013374929941696,12.901814771225515,1,0,4,278,918,0
14930,86.36802040790245,104.86110271341292,6,6,2081,8039,58,1
48,35.39831234086396,3.2269836914589054,3,0,7,163,833,0
56,23.792675351974868,13.327527290268396,4,0,14,288,50,0
99,29.53244050361043,2.7697771519173067,1,0,3,58,584,0
22,41.295831320392736,10.190141782722566,3,0,14,20,1411,0
10233,79.8914855789037,289.73686343717765,35,12,2735,19891,52,1
183,33.25200471779542,8.875146736181962,1,0,18,46,525,0
86,23.37307755355315,13.137158173499353,1,0,5,123,1232,0
151,37.64890748526603,6.80370043817403,4,0,6,132,1257,0
59,22.30361341518993,9.026579944031011,3,0,18,34,624,0
14,6.9150708042602,8.639923794920561,3,0,7,61,938,0
80,12.125757203004891,5.99659796472558,4,0,1,282,732,0
169,3.783149991541902,10.432656898864005,1,0,13,69,1189,0
15004,96.55551607950233,207.7139100232114,49,9,1021,9904,186,1
152,16.9017662789562,3.2856380388747195,1,0,14,147,1348,0
22,10.2521518276819,14.134384095291104,4,0,10,219,139,0
69,23.24238545715401,10.428223467782306,3,0,8,16,671,0
147,14.810521855788702,6.590278454389364,2,0,18,152,1312,0
125,18.69945820207585,9.966569697106321,1,0,7,14,1327,0
170,14.196893488814915,11.574326565685821,4,0,12,98,336,0
46,41.16323521794592,5.858005928869179,3,0,2,16,703,0
85,34.52511253269627,9.177417675263385,3,0,0,261,705,0
144,40.12162865336044,8.56795535106109,2,0,16,280,414,0
157,36.67865756434841,4.365259627209429,4,0,0,96,1389,0
81,9.46969862797639,11.338806762224719,1,0,2,126,1052,0
16,14.810635366661202,0.2589848923918252,2,0,2,30,576,0
145,20.92429143251038,10.482253158068685,2,0,14,38,1000,0
50,36.24315081774805,8.858151535488945,4,0,12,30,1045,0
64,37.007868221389536,0.3705536875454746,2,0,19,196,1168,0
155,23.074763304282694,11.33167190815132,1,0,1,112,1206,0
128,17.13912610843581,12.226054060733365,2,0,9,26,771,0
50,11.211457426111261,10.68477594683064,3,0,9,33,1112,0
147,7.8909638552765955,10.605014381723658,3,0,6,139,1314,0
56,30.12072174501592,0.6185080780384168,3,0,6,284,843,0
22,10.456156029601416,4.617971246107008,2,0,9,25,1046,0
177,42.095446414555155,2.3109421354404174,1,0,16,64,1050,0
57,44.8338776939641,10.709744978996644,4,0,8,137,247,0
147,6.762844691743659,13.116272055820039,3,0,2,281,386,0
89,12.829554632816514,2.5542944294504157,1,0,4,73,879,0
12,4.379334125834547,4.82710272510053,1,1,13,107,927,0
75,3.2555922037439196,9.43104785916919,2,0,1,223,1042,0
126,4.05333977978407,14.898139710108829,2,0,0,108,775,0
105,21.90476805700076,13.998408957847245,4,0,12,241,506,0
34,41.840012317013866,5.454150958685229,3,0,19,80,173,0
119,34.22587916758862,7.263713905877936,3,0,5,226,986,0
108,36.84552420723953,12.209126346299158,1,0,10,46,146,0
80,14.765163632249399,2.0643656052723616,4,0,19,206,840,0
175,13.211003415705273,10.613735082284146,3,0,11,168,1291,0
74,30.811391010882126,9.084906564132364,2,0,16,50,1076,0
126,44.93667548976766,8.54035242909655,2,0,17,37,98,0
148,23.198128658412774,8.529698306946278,1,0,8,167,1119,0
113,2.8294742332501257,7.928936774813669,2,0,6,276,1038,0
179,2.8442695355153313,8.752983382980542,1,0,1,254,1245,0
164,36.59704017283376,4.097312704757995,4,0,1,269,590,0
53,16.093175353961072,9.269471245167674,4,0,8,160,556,0
21,28.85986169541398,5.824493355397064,2,0,0,53,1126,0
53,10.577365581543585,3.5257837258383256,2,1,17,186,182,0
85,33.797500522227736,5.905427658634355,4,0,9,229,132,0
192,8.553840581901543,10.864673524050415,4,0,19,85,815,0
54,25.7328788354221,4.088234720564696,3,0,3,192,1201,0
191,11.627621034873998,1.5322751908090573,1,0,19,240,1096,0
50,16.05383440492338,2.9141657827665304,2,0,16,297,1235,0
159,2.728845586630468,8.588599017327606,1,0,18,211,1223,0
169,12.140851188278972,14.656868713931287,2,0,13,127,1344,0
147,30.878930597808044,3.50249865126483,2,0,10,223,1142,0
46,8.762124058826991,13.927330252440854,3,0,19,183,176,0
16,22.544339345409437,7.29512710531912,2,0,11,133,912,0
91,27.440128248999788,3.572492500974394,4,0,19,53,887,0
53,35.11031971155847,13.158672059706943,2,0,7,68,1475,0
151,1.964186466100394,9.35981989758609,1,0,6,72,359,0
188,19.07470763998292,1.3486819705164057,2,0,3,59,840,0
48,37.25589668271905,4.539898940467816,2,0,12,236,1302,0
163,8.363709418418363,7.994154950343806,1,0,10,10,728,0
58,11.71147513767807,14.521112868813098,1,0,3,168,154,0
169,9.477761445414814,11.513785902837517,4,0,0,20,1356,0
171,6.2527644988806586,7.480232939315241,3,0,17,207,166,0
133,25.302872592042124,7.667623722016036,2,0,16,147,1099,0
117,15.64009696645668,14.927875211981807,4,0,19,103,1368,0
198,19.783368024225314,10.770990766650817,4,0,4,42,628,0
142,18.133817315070512,6.490422727118137,2,1,16,25,314,0
104,6.528313666141815,6.658211863639574,4,0,3,123,90,0
178,18.60934013738557,3.879272867686496,3,0,15,43,417,0
113,41.41494733949733,10.973612296308746,3,0,9,62,471,0
16936,73.21337840337378,176.5854842520904,31,7,2688,7287,170,1
100,2.713272734257287,1.2858633958434327,1,0,0,146,84,0
171,43.77035288343348,6.216347406665991,1,0,0,299,501,0
66,36.18644192812281,0.861861407789788,4,0,12,44,1367,0
11433,98.17528674812895,197.55975890921093,21,13,2932,13237,137,1
76,15.73464476602734,13.361281627116593,4,0,0,41,230,0
14147,77.5745117262135,182.71742863325412,43,7,4774,18199,186,1
47,4.676390850470349,0.1796999315439204,2,0,11,270,801,0
37,13.938968335778224,2.6409028019672522,3,0,14,29,812,0
81,34.69778033092865,11.348608982359101,3,0,12,197,1057,0
144,32.39872411559275,10.630802699738304,3,0,16,179,43,0
41,14.764704691065681,14.643587324699867,1,0,4,250,303,0
164,30.34962171351557,0.8947684287772344,1,0,19,223,139,0
111,14.616353363632024,13.946281710118555,1,0,8,82,1232,0
4,30.69530093438281,11.300028528768207,2,0,7,89,865,0
10,37.1447351221524,7.737604786482715,2,0,13,177,1196,0
142,44.4442127817368,8.417653079166948,1,1,19,170,181,0
70,21.653901047527356,11.437282947122478,3,0,12,215,1213,0
59,35.17913123717975,1.4189824966994535,1,1,10,181,437,0
78,22.6933255069873,9.766329364826147,3,0,16,137,278,0
163,17.986241168680774,5.243179590604894,1,0,6,173,818,0
167,21.141642958981905,4.893881744888339,1,0,2,93,732,0
146,10.653133124634836,8.272405427661955,1,0,18,24,545,0
89,32.33403001874662,3.493897290105241,2,0,18,131,1198,0
173,33.84389366971301,11.450898298828792,2,0,12,77,222,0
17133,80.47901327308543,245.83316579775425,14,3,3782,10449,199,1
180,11.298542100769962,1.5909636063413466,4,0,4,163,1042,0
158,20.815416974354882,12.905575284219909,4,0,8,154,682,0
26,1.4360706016107603,3.708718790995819,3,0,13,236,165,0
14606,88.12278596744494,254.20401023893095,29,12,4274,15586,178,1
115,19.296016992810085,9.17701133176056,1,0,3,184,1220,0
174,11.284594849616747,6.456219325710461,3,0,4,117,962,0
199,17.021326501026238,2.0754744846995696,3,0,0,241,652,0
9,6.337331912243501,14.241133965316777,1,0,13,222,603,0
73,3.402853341392638,14.217410792494807,2,0,16,255,543,0
4309,87.14992839907538,88.50311172398584,26,3,4081,4693,127,1
68,31.057028571814048,6.622881351154577,4,0,6,23,167,0
97,42.61408754837228,5.416264209258524,4,0,7,216,570,0
157,24.65357007426663,7.360018449147219,3,0,13,100,302,0
88,7.566976668624852,2.38513592849461,3,0,2,102,1213,0
11,8.218797883674748,9.22346943421914,3,0,13,168,1127,0
106,31.0901238807551,11.79757073729634,2,0,10,148,441,0
10,3.210692432211214,6.367390529494409,1,0,13,176,392,0
149,41.33726413722486,14.63651403197777,2,0,1,229,784,0
121,43.96868502620779,10.866914700033298,4,0,12,159,1254,0
15,18.614514210073363,2.395728413848944,1,0,2,47,799,0
189,19.328896453220857,6.127340914427702,3,0,17,124,72,0
107,25.130443171716756,5.380917480612053,3,1,6,136,174,0
159,18.578826521825132,5.099802305280191,3,0,2,193,259,0
158,39.829784622998005,0.3637962315912344,3,1,8,151,1054,0
183,6.542028640691763,13.7936703277272,1,0,14,226,600,0
174,6.921355752580741,6.432535970435643,2,0,14,244,486,0
51,23.085597825801035,12.79313093880871,3,0,9,215,611,0
189,23.990447967765892,5.5178105929319505,1,0,3,142,1320,0
37,2.4369986745178185,8.361887803385445,3,0,19,53,1376,0
97,22.644833057721687,1.456075922549503,4,0,4,21,637,0
85,19.37734781594777,12.467486986058313,4,0,13,162,1274,0
95,39.28109672288729,1.4405124550283175,3,0,8,285,898,0
109,14.959403671702173,7.488016463449958,2,0,16,272,588,0
129,27.19010823965367,7.129169009924027,1,0,1,190,1144,0
68,4.190981945997182,5.623588789862982,2,0,11,183,525,0
117,5.266489522478689,2.5463559644397455,2,0,17,281,255,0
189,43.815439170782646,10.077207722409012,4,0,16,254,295,0
189,43.14961783675005,10.378333962798552,3,0,3,272,29,0
10,13.645711489201231,8.351231918987127,2,0,14,202,1433,0
133,20.008832814158264,11.856705002610502,3,0,7,255,1188,0
7,40.509152911524424,3.3789871962919076,2,0,10,212,1126,0
187,10.05880747984613,4.275224464159508,1,0,8,18,1060,0
71,35.340730088726815,8.504865333160515,2,0,11,272,1120,0
19678,83.8462860077773,150.27344176245245,30,2,1133,18928,68,1
2,4.648241581357171,3.7036089112647175,3,0,19,189,70,0
177,6.969104555056621,14.779589156075296,3,0,18,280,570,0
3695,92.77638941329751,223.9502466666182,24,1,2082,8155,142,1
193,41.920236622807195,9.82265047848124,3,0,11,18,590,0
183,2.0536356719012736,8.715623813925754,2,0,18,103,119,0
161,38.4506323587432,3.1326792849788925,1,0,1,289,909,0
96,6.299682959848878,1.647206853052821,1,0,10,297,941,0
92,6.449225175055968,4.050336595541519,4,0,11,262,623,0
114,36.394218625808826,9.411662179076696,2,0,14,19,62,0
141,28.217746559173076,0.763893811103033,1,0,8,92,161,0
81,6.671713743233953,1.1580010253165696,2,0,13,114,524,0
83,14.110998361817126,6.9624335126776105,1,0,15,15,225,0
125,37.56176352642301,11.923707293209581,2,0,19,101,294,0
137,38.81813092749551,5.407060161493473,2,0,13,108,734,0
196,19.91934942132663,13.823935345863763,2,0,8,64,187,0
159,42.55573763854935,8.822093799585248,3,0,19,120,233,0
92,16.534217230413304,13.523525180978162,2,0,10,122,1403,0
195,25.60559779781216,2.4577870530474146,2,0,12,192,742,0
75,12.361979783439251,8.352157629283086,1,0,13,143,319,0
161,6.431794095655625,14.684954626155696,1,1,4,151,5,0
56,15.95876200690292,8.486170534497584,1,0,19,49,764,0
172,2.751073602768712,10.57517232961456,4,0,8,110,996,0
10,14.341670489147024,14.93319508399584,4,0,5,91,1071,0
176,32.99516362856609,13.975872748279933,2,0,6,176,591,0
16,6.949561803365608,0.27350900259613364,4,0,19,294,1032,0
146,6.79422375119311,7.720866346634999,1,0,6,106,1065,0
63,4.000211269680358,6.327746199439253,4,1,19,163,1278,0
133,2.7278542266327017,6.782429897239243,4,0,16,116,266,0
18379,90.21677084148834,120.05726367342237,10,6,1120,3051,174,1
43,1.184247519630146,11.676501187048565,1,0,3,82,1109,0
81,29.842438761228955,5.132564208270213,4,0,17,45,1277,0
61,39.77535498157251,0.7786973238837522,2,0,15,167,1234,0
14018,80.71248303141708,243.81523422927754,30,12,605,3203,151,1
59,15.31298589701337,3.0238907971490487,1,0,2,125,904,0
6,37.46319528799228,5.591580788512936,4,0,10,286,651,0
188,11.611269429541526,0.4533737685562801,2,0,8,46,1319,0
88,2.5149775772258405,2.4827073508595,2,0,0,79,168,0
135,9.459348412596045,4.239710203513349,3,0,14,259,208,0
128,37.71616312566825,5.233972429019342,1,0,16,15,82,0
74,1.3122474297750357,6.052646481382407,2,0,9,105,1177,0
55,41.85434108552626,8.235766440479178,3,1,8,222,1095,0
109,24.088368057103015,5.985355031180584,3,0,18,260,6,0
18482,75.18127077237399,42.375617763125305,40,9,3649,14074,110,1
126,34.39019791438979,6.20111405414278,3,0,9,134,450,0
190,14.334893491704472,7.2885269086786515,4,0,1,169,1263,0
119,44.900973116448824,3.534373076537661,3,0,4,248,1440,0
60,42.41627287189911,5.635641671129242,2,0,19,256,214,0
1448,71.20358738233736,230.96017941947773,45,11,3044,4943,139,1
73,41.00371161835777,14.67973890729708,1,0,3,29,345,0
29,11.839322878661282,14.160141692662572,1,0,2,86,712,0
167,30.445637316694135,6.501080877383346,2,0,2,40,147,0
186,23.86291373533233,7.840577635998218,1,0,1,214,607,0
144,13.824280193726931,8.130815029306795,1,0,15,140,481,0
133,34.714800801456676,14.264115443669064,1,0,16,79,1481,0
5996,90.68833059604873,167.7096270267369,17,13,1442,3342,93,1
89,26.329271131886465,7.305536416754502,4,0,18,286,1487,0
159,6.242189567826119,5.570889835026253,4,0,16,150,1457,0
171,43.88638622613627,10.452828875088638,4,0,8,289,962,0
74,10.005924798520494,6.101504457292775,1,0,12,15,927,0
20,24.239819742612752,6.9230762399273775,2,0,7,201,249,0
48,22.99819564645069,4.0307105167007276,1,0,5,96,1211,0
167,30.193575185663242,11.282807312381559,2,0,12,78,972,0
33,13.33472911226215,5.211355686315851,4,0,14,162,109,0
98,5.910091998118888,4.546914851101632,2,0,2,198,1447,0
6,13.238320179752076,7.334936414023095,2,0,16,213,367,0
127,40.97004471981706,4.180690113610027,3,0,14,264,132,0
37,4.757709308798448,10.353799107161725,2,0,3,120,1278,0
78,20.655964622916184,12.246185456351347,2,0,8,120,825,0
121,43.1970637428105,14.25432963904984,3,1,15,212,306,0
4469,94.9710030361009,280.44812143707037,19,3,2060,10318,22,1
177,26.414975548033883,11.610217906835077,1,0,8,225,547,0
111,25.275344368878546,1.9978433368970774,1,0,8,235,30,0
153,17.763616041409595,11.19108624412946,4,0,17,252,1385,0
141,34.536250492539615,13.762983360375689,4,0,6,40,1177,0
6,5.982173823401517,11.216624132936106,3,0,18,126,228,0
154,4.0380198778423875,9.40803997415846,4,0,4,158,1398,0
163,28.795786406369697,3.335392020161311,2,0,4,62,564,0
11468,92.49566186194488,121.74970116631307,27,9,4004,6022,143,1
19,19.598211264926732,13.028811350523652,1,1,3,234,695,0
199,24.67299903601173,6.2812180694937645,1,0,10,28,1425,0
85,17.520632852526017,3.5803484699131523,2,0,12,204,664,0
130,13.864856858136497,9.669944636256012,2,0,2,176,1059,0
23157,76.51714686210283,113.18784093773608,25,7,1498,15979,154,1
41,14.498170378974212,0.43627188971541864,2,0,5,101,160,0
58,12.276864516245572,10.444693721894359,3,0,1,117,1336,0
126,1.2660699000950504,10.335218509937107,1,0,3,291,1103,0
78,34.87883920109044,5.451981695598804,4,0,4,87,205,0
66,4.574103931493598,8.400009034264288,4,0,18,193,442,0
11,8.227899776060834,11.32720812649889,1,0,13,295,209,0
11,17.37161921836742,4.039624039151716,3,0,7,155,174,0
162,34.07911919782505,4.9444806331639395,4,0,19,57,584,0
75,3.0706927065856857,2.553354855014841,3,0,5,116,320,0
157,38.785628291376774,8.357300706187102,4,1,16,134,1176,0
63,30.883554779671684,7.168152335621823,1,0,14,72,184,0
13092,93.44584656173966,270.8115060512554,21,7,138,8001,18,1
143,19.364849439220826,1.9855124348297815,1,0,11,257,937,0
81,42.0392623578415,4.95115887453327,4,0,4,203,1073,0
20,9.109261465804359,7.809279218391995,4,0,13,284,246,0
109,1.048932144632246,10.332660232200443,4,0,18,227,1415,0
97,34.08030642209397,7.270981882231315,3,0,12,139,533,0
171,43.58604090185963,1.5934549848266628,4,0,4,14,355,0
150,23.943757063342723,0.939365839208673,1,0,4,254,1477,0
38,19.418720096406517,2.6294016232863244,1,0,11,60,1385,0
184,17.1651920626711,6.18273903825985,3,0,16,267,258,0
96,11.648971519158597,2.7647319207662107,4,0,17,123,1385,0
162,23.660249027227817,1.49549604385137,2,0,15,129,84,0
18,7.884975504158426,7.023873079832958,4,0,4,114,1433,0
110,41.07635564619787,0.43628847894429557,4,0,1,159,1271,0
55,10.198612443101226,1.0685117553384387,1,0,19,85,883,0
195,14.612216731520565,8.799115762118797,2,0,10,295,1050,0
132,34.03386456528645,0.20114379295148768,3,0,18,227,709,0
6557,97.30603850686103,196.1238172530316,41,14,2207,16158,116,1
24,9.233467898062075,14.149399399737172,1,0,19,179,434,0
5216,72.71944687145607,114.86067045147021,17,5,2318,2047,47,1
104,41.51391738398732,4.280794218018097,4,0,19,202,1468,0
178,27.713952358877386,8.357128852003902,3,0,9,209,1118,0
33,1.1608776991645682,10.35096192070268,4,0,8,132,99,0
159,39.688300470908295,12.84558161535389,2,0,6,77,629,0
91,12.582883246792491,0.10361972307423971,2,0,1,248,549,0
147,1.604804376499191,11.191846881818556,4,0,9,188,16,0
36,20.34076943800754,11.58992711774525,4,0,1,68,148,0
83,1.9867391231304254,8.108656929731193,1,0,16,221,903,0
91,9.623128126877525,11.249950136725113,3,0,13,221,693,0
13,9.044862314227952,9.105272714333841,2,0,1,85,429,0
92,39.79438692111435,14.473888134544067,3,0,1,77,1432,0
30,40.43529552474947,5.266725071609023,1,0,11,191,96,0
107,28.706078191404927,13.633052464688284,1,0,11,232,1254,0
82,24.31738582493025,2.635126828639653,1,0,3,119,582,0
185,32.77090682496655,8.834117075916287,3,1,6,256,55,0
8448,70.65533663747033,181.15784995073125,45,4,352,19111,81,1
151,10.11133560527763,14.807791280269337,3,0,10,157,625,0
153,39.473513395166556,7.16140443757676,2,0,18,159,854,0
59,26.86313177235413,1.8765058094860942,3,1,6,130,1303,0
60,33.769032191716576,14.499498512239091,4,0,5,132,1472,0
4,21.415194719343045,0.3675721698772493,4,0,11,78,920,0
191,41.253054593472804,7.629447296704616,4,0,8,131,992,0
64,15.57949762439795,8.902230448160665,1,0,1,230,227,0
112,40.89274506588795,13.136506532824669,3,0,3,292,1479,0
189,13.032878676499111,13.632024975877892,1,0,17,261,36,0
191,3.435831945290019,2.571581077471779,2,0,13,228,1004,0
174,3.403914480042781,3.3305327113437135,1,0,10,177,1237,0
157,23.845881114329025,7.959101309453809,2,0,13,88,401,0
133,30.060667740034972,3.264322764007217,1,0,12,10,978,0
120,12.628155578980127,10.58865633881428,4,0,7,81,129,0
93,28.787952661751053,2.6596577312187257,3,0,12,185,541,0
137,8.150486873088077,8.717103630294131,3,0,18,261,584,0
140,10.254016476574922,13.471543846164789,2,0,10,120,302,0
90,7.33019051910651,1.459548135433405,2,0,13,168,791,0
11263,92.89005332976126,155.86469490972308,8,11,1959,14502,130,1
92,15.847988274426076,3.5505865702060913,3,0,19,231,1497,0
123,26.11991036509437,2.6470789141570283,3,0,12,268,450,0
133,8.187595788698886,9.922743602057992,1,0,0,67,333,0
168,31.66857261310757,0.8319907189885996,3,0,3,258,615,0
98,19.433051031293626,11.673847243116086,2,0,2,30,656,0
182,9.867248632277764,1.5257827292642172,2,0,14,22,1370,0
161,24.199226597829792,10.889626084606233,2,0,9,256,767,0
95,33.115121178958304,12.889505221870541,1,0,10,144,167,0
83,26.194718246808986,3.2439997064421386,2,0,0,253,357,0
16700,82.35816841636249,208.34422690782705,27,8,2744,10337,66,1
152,29.334089495694997,7.721889294098397,4,0,8,229,1127,0
103,28.650764091041832,1.6338975560342641,4,0,8,71,305,0
56,8.240906570890736,2.394214533183053,3,0,7,46,1420,0
77,42.28589206065791,3.959623647139873,3,0,18,76,33,0
122,44.28330966120268,1.429177726372761,2,0,0,251,519,0
14064,90.196105382244,90.22117060008988,31,1,1665,8425,126,1
7854,89.59290341418745,76.69783427065175,13,6,2498,6119,87,1
130,12.356736299630247,11.46793828982226,4,0,16,71,793,0
144,42.500617386511834,4.306662625905942,4,0,12,237,298,0
60,26.489836533125267,14.64356715384053,4,0,3,16,1129,0
50,11.314726400506647,3.18850958599106,3,0,8,73,1297,0
108,5.312338130352607,4.733498018607196,1,0,1,39,1170,0
13464,98.7487889523843,72.19901282451528,33,3,3024,19158,65,1
107,44.007280104976545,5.450154607742953,4,1,17,132,1338,0
130,28.494460382707953,2.033766189266908,4,0,17,270,1460,0
42,18.8514346639617,10.565702523852359,1,0,11,224,97,0
27,10.294200584808964,4.170078343512182,2,1,7,187,537,0
175,23.13782879226776,11.286774444578837,3,1,3,200,938,0
23,10.075093008790715,13.237587865291404,2,0,10,163,68,0
153,15.10916120840302,6.0495589147842095,2,0,11,196,1465,0
6127,75.05709536264544,236.40199574760896,21,13,1470,17219,194,1
161,13.966860274963231,14.122990993673021,2,0,19,231,446,0
12,35.122233055635974,10.561248106854418,2,0,4,212,807,0
16,25.669844977313797,5.73257174657259,2,0,10,141,555,0
130,22.533271645889904,8.819402302353522,2,0,4,293,422,0
65,23.62019947225543,0.15542294618908192,1,0,12,298,981,0
34,28.630184355087945,1.7470663298093567,1,0,9,197,1440,0
20,6.340364680139265,5.6497871897904135,4,0,19,69,1020,0
134,43.541201991168556,12.394509647355145,1,0,0,196,1440,0
197,8.877392047429687,1.9396072485879667,1,0,14,133,5,0
23698,84.40424734818262,151.2383238832353,28,10,2040,3222,29,1
196,31.059724782551996,5.4190570128876825,3,0,0,166,350,0
187,38.593578586329926,5.0514176700253985,4,0,19,292,390,0
4722,75.06798785448137,225.2798193309364,47,9,720,8375,18,1
161,19.749334469898155,14.347695487290052,1,0,13,248,863,0
159,10.872851111191002,6.400859380155005,3,0,1,272,601,0
40,41.684978821618856,6.777117622030877,3,0,2,151,194,0
37,33.30265539783243,12.725590303249566,4,0,15,26,1460,0
199,29.5627744525584,10.138303551040647,4,0,14,32,980,0
75,32.622767702803024,13.307008130903489,3,0,6,294,441,0
118,5.2545606306529535,7.581761449701033,3,0,11,38,1374,0
53,22.264948538518308,1.7763115852475635,2,0,2,21,515,0
132,39.52150061741945,14.791274425342824,1,0,5,214,121,0
3294,83.30384909911832,91.01803621955085,31,10,4665,17848,37,1
86,29.25285034112293,5.1118938070672755,1,0,10,115,620,0
57,5.63766060544434,12.8238320989167,4,0,13,133,1055,0
21,37.86796849347936,0.5627474529238187,4,0,2,205,132,0
80,9.915835901955099,0.11913794034934107,1,0,19,46,865,0
167,25.40330161329038,4.166465688833132,1,0,4,38,31,0
18,4.785414909449501,1.1101662978388778,1,1,2,234,791,0
87,27.009733343374723,8.873273025327727,2,0,11,18,528,0
189,3.14257332959691,10.5019421688445,1,0,5,71,867,0
89,41.266108097815426,13.16609208487562,1,0,14,292,812,0
37,20.06304102159723,0.44429210653345586,3,0,9,225,528,0
169,8.07138736440337,7.106709886333645,1,0,10,33,733,0
185,11.41570093756865,13.576661516491185,1,0,7,17,772,0
9,16.57884074362414,5.0259520685530275,1,0,8,99,1113,0
157,43.256138083373735,11.565332271002246,2,0,13,72,525,0
1072,94.9149383530825,237.61459396123922,11,12,724,7965,125,1
98,13.124938157603854,12.55000357847195,2,0,0,223,536,0
149,2.3355674434521876,13.130128896067347,1,0,11,25,1204,0
150,29.700368964011634,6.201825356152837,2,0,19,211,675,0
44,42.67198935277484,9.251115869751501,3,1,4,59,648,0
172,17.96431006563345,1.6851872406697526,2,0,15,248,493,0
84,42.823444121993994,4.597336447304137,4,0,3,14,1417,0
27,3.9701120540881654,6.129340750563397,2,0,14,150,1090,0
128,17.911621695061935,6.033928499464851,2,0,13,233,463,0
53,35.254698722713194,6.53716951454275,1,0,8,123,234,0
123,25.318971162003763,13.575937600525538,1,0,16,157,507,0
9999,86.61480458135466,65.79164419803587,26,11,2131,5445,89,1
74,28.68564449236485,9.481654390063614,3,0,8,226,125,0
147,15.10478187188068,2.9727483497302427,2,0,8,128,1114,0
138,43.30792380676882,4.079208009566467,2,0,19,155,474,0
140,2.366997730756078,7.289822271253422,4,0,0,37,1027,0
7868,83.70728746253856,249.54457890252016,41,1,2355,1059,90,1
91,44.33376972154893,4.713513969042402,4,0,10,225,160,0
67,3.2183380384972047,3.8230252323431477,3,0,5,61,885,0
23985,85.74219178720547,278.075785360573,15,9,3871,10174,72,1
74,14.572604385537296,3.6984427801553132,4,0,4,114,72,0
6,22.579760256381796,9.143141975375451,3,0,9,80,450,0
112,16.065385425017823,12.717067104815555,4,0,14,63,636,0
39,27.411062044381655,2.8761199701261493,4,0,10,166,751,0
72,24.815884881433835,12.493600972758873,2,0,18,111,960,0
174,13.309744959029798,12.306535594917523,4,0,19,196,1173,0
150,13.573366282079064,5.6038014489805175,2,0,9,40,962,0
192,28.753898487595308,12.917692383564223,3,0,11,224,746,0
116,14.808379561874284,1.8650794059077795,3,0,4,265,1181,0
170,1.4032842080879253,5.837114443822133,3,0,16,291,438,0
184,17.647293594036466,3.5712859599627826,2,0,13,289,761,0
34,24.724526941601834,10.234362346707291,1,0,3,62,1181,0
197,11.557751763839779,6.293983316445441,2,0,8,163,988,0
152,26.995399474788297,13.106936083094128,2,1,0,13,954,0
45,6.118595993863494,3.785535440084368,3,0,1,280,866,0
39,23.465097984054157,14.26382099483148,2,0,16,192,713,0
19,40.0983683392347,6.235552209538042,3,0,0,66,1400,0
15616,78.73932461796859,251.39160781369284,9,11,1087,19617,168,1
15,38.18531746582553,3.708533339347139,2,0,9,253,795,0
191,42.822156709921934,0.6629662241624675,4,0,3,11,1072,0
12,21.920931470240284,2.1083081952698275,1,0,19,42,255,0
159,28.555408085146773,9.392026614729236,3,0,13,200,458,0
90,21.407632285672555,6.454012705143117,4,2,14,246,847,0
61,27.912849728424618,6.101028919336885,1,1,6,221,1211,0
175,32.83152114361613,3.809258519473404,2,0,15,81,1090,0
121,11.985433920570127,4.321118267165763,4,0,3,58,7,0
62,41.120017059735666,0.946924503614588,2,0,1,187,74,0
42,39.59361272353408,4.4436022294527655,2,1,6,120,1081,0
132,10.977379165622702,5.952137691978316,4,0,4,69,518,0
123,38.68763784490878,5.664324408066989,3,0,0,164,453,0
31,38.39821054214104,13.925719384944204,2,0,17,28,111,0
92,20.480380819084164,11.373679542540183,3,0,2,138,1178,0
171,43.360233689890116,13.530859124315574,2,1,1,112,140,0
117,19.60951592462854,10.903930681574998,2,0,1,131,490,0
115,13.648313255479005,7.026336234117733,3,0,7,170,17,0
71,23.1351944119508,14.001141973649485,4,0,5,189,445,0
129,14.712728332804552,3.397021206886142,2,0,9,83,1009,0
140,38.00823150710846,2.6556881374290864,3,0,17,223,615,0
172,12.310758456325186,11.680070050650183,2,0,5,51,157,0
147,6.646337936305638,4.803239042036628,3,0,16,106,1168,0
62,15.698198489425845,12.326588946074361,4,0,3,214,761,0
57,39.53885567475051,1.0179589808577918,4,0,6,192,271,0
148,1.0106042061459202,2.489868737591564,1,0,2,230,58,0
44,9.484942793458806,11.190125388326756,1,0,3,30,1253,0
162,26.456813020291595,5.525877004658621,2,0,7,51,1250,0
166,21.221698517399414,8.32224812965911,3,0,17,98,1278,0
16,24.640129641393674,7.159026290706932,1,0,4,183,143,0
175,40.36889311657725,11.595124634772194,3,0,15,51,1218,0
87,23.26099279006057,2.686224947856452,2,0,15,42,810,0
11,12.292477116188214,1.0583564255843945,2,0,17,51,24,0
16223,95.9048359853536,27.818893534970485,40,13,4890,19638,126,1
98,7.920021159907476,1.1813644908661909,4,0,17,123,198,0
151,6.852431151922467,8.919524625844144,3,0,2,28,911,0
107,17.360818520922457,13.90794181465245,2,0,15,40,317,0
9707,91.92264712225703,173.8381971975097,6,2,4658,4905,27,1
125,35.19016856867727,6.791938867560736,2,0,3,177,1434,0
135,4.156355124886698,12.953843647945147,2,0,2,56,219,0
99,11.816017828993285,11.207995971756313,2,0,7,220,268,0
180,40.01019942610553,3.8258457018012826,3,0,8,179,140,0
92,14.300174821843735,8.624988479017365,3,0,19,164,1104,0
8,14.754313095965205,11.137620020694019,1,0,4,230,28,0
45,38.089601228072674,8.337342760173046,4,0,15,194,717,0
4,3.9243863341559733,5.7790885423175595,2,0,11,234,14,0
145,31.03753070836141,8.75123443118707,4,0,8,159,54,0
153,10.054952587534554,8.068534556095605,3,0,18,277,17,0
39,36.72563432406687,9.2985783397222,3,0,3,69,502,0
92,6.8826087935751925,4.764077785053561,3,0,3,271,345,0
104,43.28048646486828,13.833727374829754,3,0,9,107,192,0
61,13.22552214794734,12.6225969831357,4,0,10,179,335,0
117,25.31713978217692,2.9466728437593748,4,0,7,94,94,0
180,40.95568223063359,11.80815404086694,4,0,14,149,365,0
29,28.641090272093933,5.979973141599876,1,0,2,31,317,0
58,20.082550578096722,1.6567876900867364,4,1,14,48,1221,0
52,11.1630896632348,2.958963025225116,1,0,16,104,817,0
11,25.645103252411328,5.087678623810497,3,0,2,15,1385,0
193,25.811288526437703,8.856647596016552,1,0,19,187,295,0
119,42.43444741295335,13.417235397652979,2,0,1,227,40,0
160,36.80382712377801,6.038532439747501,1,0,15,234,920,0
160,32.258559860546114,3.6360337926379773,2,0,9,34,752,0
191,35.138062868922624,9.425115324154088,3,0,12,143,1302,0
2,10.708646623356932,7.624917887616627,1,0,14,68,570,0
99,28.392067580340395,6.941471042601079,2,0,16,210,1428,0
107,2.9307678882247186,12.602911886281856,1,0,7,27,1291,0
131,15.080708975845237,7.862771690875421,2,0,12,71,1237,0
50,10.949514574985566,14.56295361412867,4,0,7,286,171,0
50,12.03868039519081,2.3282848464984736,1,0,0,124,1467,0
188,16.70722689662121,5.764905469830145,1,0,11,92,1379,0
7,9.44902824199916,5.284733125712726,3,0,0,270,652,0
87,11.712549938937446,7.993646237326298,1,0,16,127,1251,0
31,5.7092819052856765,0.7032685824917362,1,0,2,146,941,0
133,27.46837068919226,1.21963000234604,3,0,8,116,870,0
160,33.41896102324867,4.2966298442985105,4,0,16,255,122,0
11622,98.01208716002655,228.2929609543155,8,11,2369,18917,107,1
127,24.263122074898316,11.067623950622572,4,0,0,244,1068,0
85,23.27015351856435,12.994898135732022,4,0,8,278,1471,0
155,16.98323547373565,5.760517782608289,1,0,3,257,1376,0
85,17.26126477477802,3.9285892626762013,1,0,18,174,1173,0
24,28.07530498765727,11.392086018874291,1,0,13,193,556,0
140,34.43224097084909,7.961604406896747,4,0,4,67,846,0
46,15.123870008199503,2.6108681875418447,3,0,6,248,9,0
100,37.80334844454943,2.8044686281602833,3,0,10,296,1009,0
198,14.856411561911411,3.8581247000362207,1,0,4,271,267,0
58,39.41389846866895,6.197029992406182,1,0,5,43,956,0
1053,85.89904923138101,292.0474715061739,31,4,2691,12738,99,1
141,4.663336954227813,5.295671881560378,2,0,15,265,538,0
87,44.442790977500024,2.1253979357730777,4,0,7,239,496,0
37,20.09692279918539,13.570121298172934,4,0,3,60,331,0
85,35.2200280429829,10.761038723854819,2,0,11,149,539,0
175,25.522835461212352,5.971846362799474,1,0,3,215,223,0
31,21.254478228281663,14.084925377099728,2,0,15,111,1383,0
46,22.444491548534774,12.730449849637028,3,0,10,97,500,0
97,18.34438176239595,8.792454861683446,3,0,8,33,637,0
129,3.5081050522850954,0.315612558392689,4,0,4,229,1290,0
145,9.151895636866243,5.893887297464334,3,0,11,229,1090,0
21877,71.97597973501426,29.517494252106747,21,12,2804,12410,111,1
8870,77.35603344594145,258.57061134992216,30,4,530,3039,12,1
97,32.120272123849354,3.1840959147017815,3,0,12,253,264,0
129,5.94546919574457,3.558795300722327,2,0,9,233,767,0
134,3.3002805438254232,8.261324651090138,3,0,0,126,409,0
104,25.044959885116562,9.051022639310862,4,0,3,33,445,0
100,29.540114097827885,0.6750142728781943,4,0,16,134,2,0
197,8.783465836255292,14.21284219096657,3,0,9,80,489,0
77,8.124612291817403,14.371746036282696,2,0,14,296,1053,0
13297,98.31882505971444,277.81372152406385,47,13,4238,1908,45,1
4038,82.28338493534721,289.0951741593792,45,14,588,15324,27,1
92,21.99444054351817,14.178048250008986,4,0,6,98,1339,0
194,35.234037485260764,2.618960462092216,3,0,17,275,749,0
53,18.89804493716823,6.589024909053562,2,0,7,96,525,0
21343,99.97380667472493,66.93886960766238,18,14,860,10925,162,1
39,12.205205699158322,8.875260362759496,3,0,17,177,1409,0
103,40.70617346458855,1.7086404768514498,3,0,8,113,509,0
12693,96.63944348285538,257.73360382605784,28,7,2624,7266,160,1
116,5.551101053861268,6.657799487675549,3,0,18,127,905,0
176,14.039734994584688,11.845300601745361,1,0,5,23,1383,0
5819,70.34134168998497,283.0652915965403,44,11,252,12357,93,1
64,36.932830700871435,8.741520521026828,2,0,16,41,1106,0
79,27.371827901855287,9.266701959294018,1,0,15,89,1077,0
11551,73.53196901028666,292.63580328616973,34,2,834,16627,70,1
168,22.573749534032444,12.888540899741281,3,0,10,155,413,0
140,35.728788805792604,0.5498610285241106,1,0,0,226,468,0
126,44.53584976246248,10.319556498788323,2,0,11,281,698,0
23465,72.58059932714897,85.59147190656537,40,10,3834,16660,90,1
197,10.33157444900462,7.560950101548555,4,0,12,295,228,0
2,17.480122708701575,14.608764472373553,4,0,16,255,151,0
89,31.188010773513422,7.902718759984879,2,0,2,104,1197,0
121,4.425686862785863,3.860965813350747,2,0,6,178,969,0
193,17.994401393159944,0.8775573611717401,1,0,9,295,1434,0
123,41.64418141857815,4.000117748651652,4,0,14,62,1321,0
173,4.419346409235922,5.639864569990583,1,0,14,254,980,0
28,17.20727740695146,0.9053096475109259,3,0,12,134,1273,0
43,17.248353889483806,9.797336462290987,3,0,2,46,1223,0
19472,91.1697943373401,298.71885994778216,28,7,1266,4581,179,1
62,44.80503162159026,4.949999738079417,3,0,10,268,1033,0
3472,85.6389963497489,171.90361173086822,46,9,1200,1869,28,1
177,15.378967057742205,14.642700347114964,4,0,18,291,1181,0
169,2.289175496550408,6.503206178027434,3,0,17,150,1238,0
93,9.087767137199858,12.932615839227669,3,0,10,100,1303,0
20144,96.21449876633962,225.7591655443535,8,14,1445,12357,32,1
56,5.366457256465964,6.540842188043712,4,0,6,211,694,0
77,2.615369513254932,5.170097235287059,2,1,8,294,479,0
28,40.14895557299672,9.877797057091218,4,0,0,231,1204,0
140,40.97112028269251,10.582572268704803,4,0,16,119,211,0
134,42.409315751481635,6.275004205758845,4,0,4,47,152,0
121,33.46882183594721,8.28134001627397,4,0,4,172,281,0
102,27.244551318195924,11.891155582419783,1,0,15,84,190,0
106,31.448495261652806,7.203632745074089,3,0,15,176,261,0
84,1.8428413642551278,5.535789634987068,3,0,16,200,306,0
10264,82.71512454661746,136.21499561188836,17,10,4252,12473,129,1
95,37.1231647611622,7.695059099058663,1,0,9,135,309,0
199,1.3998295378535182,14.048580397938482,3,0,17,265,955,0
128,18.494944656326304,12.461692699758633,1,0,2,166,1458,0
65,19.406690020500324,1.8771479133921771,1,0,9,112,913,0
193,9.152181414675761,4.15976104209313,1,0,8,182,1183,0
52,36.397764267000184,13.598565122101341,2,0,9,142,183,0
196,40.40445259845094,5.933047981976834,2,0,12,187,855,0
137,16.428278424114463,8.198662237774442,4,0,2,235,1137,0
9058,83.53076833579115,122.57117983265069,35,10,2480,16971,30,1
155,15.385405070813711,8.052508663704522,3,0,15,13,844,0
198,6.828708879044768,9.34215437480256,1,0,5,55,889,0
136,3.22521656826607,9.839481498443744,4,0,17,83,686,0
16258,93.17673276019529,59.84425885978817,43,12,4792,12479,48,1
126,20.6579749889427,0.47206641646855485,1,0,14,173,797,0
109,24.784317717112664,10.660055840583004,3,0,4,99,853,0
37,12.197178591203452,5.634803756083625,3,0,8,260,570,0
165,42.03651642386906,6.8142890341117175,2,0,4,122,820,0
19924,89.86790539271949,239.45269807932084,40,7,4687,15198,181,1
50,23.122471441253943,5.85759187127566,3,0,0,46,328,0
3250,98.70936509617422,109.98345190255071,9,6,3899,16113,72,1
198,37.78921908398188,12.786436575333603,3,0,2,86,263,0
7,44.40905759429037,3.7548223952902804,3,0,4,268,85,0
18,8.515803077473272,9.251024268981363,2,0,3,200,252,0
17111,79.6281035527264,22.8403628625971,32,10,2231,12770,171,1
181,21.220771010242963,3.6085241134620696,2,0,17,234,60,0
127,16.594697746894415,14.046313267126488,1,0,13,169,587,0
169,25.152023792163153,9.113755195900794,1,0,11,153,990,0
41,44.008088780089075,8.452036351009886,3,0,2,194,752,0
173,11.449265427452895,13.117143957257031,2,0,7,85,851,0
121,14.195494091759594,1.2257619570652667,3,0,5,95,506,0
163,1.0099896816032436,13.917759500977146,1,0,15,214,543,0
14003,94.83734141300548,106.66935924832042,18,5,785,3269,72,1
127,31.1459096344773,0.8961755756261557,1,0,14,191,314,0
31,12.681841926879182,1.0817932589763934,2,0,8,83,984,0
68,15.894302694720807,5.974447708886604,1,0,4,258,171,0
11715,88.75955412448155,84.26333604709033,45,8,3775,7134,14,1
18,3.3192307535513157,7.911443125767149,3,0,1,290,79,0
156,30.648911523880205,6.77759701319813,3,0,18,45,1291,0
114,32.69642136021693,13.654802847425861,3,1,13,85,963,0
149,9.762903494270947,12.899790312629175,1,0,14,240,83,0
8798,76.82566755439099,87.5847934678259,37,14,2116,16829,122,1
36,21.831169012500943,11.066658788643505,4,0,0,229,3,0
130,29.499682394506927,3.1053294432022787,3,0,16,167,681,0
68,28.0241947500365,10.797261651976285,1,0,14,132,896,0
146,32.08036785963983,2.275651893322413,4,0,8,14,1423,0
198,37.34102157620071,6.641535735308675,4,0,11,274,460,0
133,34.46532826803242,14.26902614280093,2,0,3,253,1221,0
85,37.923937379133136,0.8788031466677884,2,0,19,221,541,0
20,42.44384583945849,5.010177789505843,4,0,4,115,1479,0
174,14.924626498705937,1.1121004429201111,3,0,10,257,1111,0
13,32.35533865633457,10.382122777413086,1,0,1,223,1499,0
74,28.720821947228405,12.896327328655365,4,0,6,126,125,0
96,41.48176231201976,2.569660329287978,2,0,14,27,851,0
71,40.83315595646268,12.322365113076742,2,0,5,32,516,0
181,33.54078291689579,5.7861535582313985,1,0,1,60,1340,0
23262,82.05910384391171,155.32304218853756,38,14,1269,2962,15,1
60,28.014693478310235,9.116014171333545,1,0,18,26,959,0
119,7.077512898170879,0.5543985630060415,4,0,2,35,313,0
2,7.810585533228927,7.110525676985675,3,0,2,172,156,0
138,32.94773346528942,14.834248110849396,1,0,19,136,346,0
131,7.771595806526042,14.586222667323728,4,1,15,211,488,0
144,30.118220228752094,3.039978161583293,3,0,8,209,851,0
11,16.552820450671707,1.9255352238026984,2,0,8,201,1193,0
61,14.08079477352268,11.059258516324359,3,0,1,22,771,0
102,11.79999635171294,11.736077802362258,1,0,4,87,237,0
57,24.972285729630997,5.289291768911553,3,0,0,234,212,0
181,39.86403846275385,10.103383332562256,4,0,10,278,948,0
79,14.65035248476701,7.20169999157857,2,0,15,160,1342,0
191,22.38974134945666,1.0466822641163869,1,0,4,141,88,0
10733,72.3225199595774,230.69609676520784,11,8,4023,19809,170,1
89,17.22390684071722,5.61777061421278,1,0,2,256,1197,0
15,11.570780812429373,1.71137454082426,1,0,9,222,231,0
85,17.603332998133713,7.1369863684991355,1,0,9,17,187,0
196,32.0402765324734,1.1913595012001128,1,0,17,176,47,0
19789,88.17111223034797,21.427549001255475,35,12,1888,8092,175,1
65,3.9288480282258056,0.11068119472803875,3,0,15,188,233,0
128,44.531378617849725,7.781650211719618,4,0,11,172,1330,0
71,13.441680110644338,12.15461479858109,1,0,8,96,801,0
91,21.211120846134083,0.5777464047086696,1,0,16,170,1267,0
92,28.421256414992307,14.56154265614767,2,0,13,112,1300,0
65,28.261634084391822,2.821509119282206,2,0,3,177,732,0
43,9.642445498368765,13.275253091541417,1,0,9,143,948,0
7,37.11063107373829,12.880706670749388,1,0,9,60,335,0
18,38.549412275625436,8.046737911899324,4,0,0,189,882,0
155,24.930628531089173,7.180889258325929,4,0,17,258,946,0
45,38.49013029540649,5.843509477026057,1,0,9,52,1254,0
24,16.605313019343644,4.300750321098255,4,0,4,113,285,0
178,16.6885925317831,12.373491863441112,3,0,18,121,972,0
196,15.591141360744693,6.2952123248308265,4,0,3,261,888,0
15263,94.9598400611523,46.00561305845278,39,9,1532,5736,65,1
147,15.376671849321797,8.93547274155686,3,0,18,192,715,0
34,19.004033848173496,2.875049580666644,3,0,16,227,1044,0
161,17.62492540399621,9.184652113497721,3,0,7,62,304,0
88,10.099987297869436,1.1582660579749668,2,0,1,241,393,0
129,6.960219618966395,6.679054604309473,4,0,5,151,1213,0
85,7.135810393027048,10.78401428673586,4,0,3,181,5,0
108,20.325266454987563,8.10694993761344,2,0,9,166,1013,0
162,18.004352830429152,7.6884059611309,4,0,9,197,173,0
178,28.336867758182844,9.181069674162668,4,0,8,93,55,0
18,28.455933363275225,6.02476128741802,2,0,4,260,526,0
71,14.706541156615385,1.5445757501380493,2,0,15,162,1122,0
177,12.945648111879299,13.111489914705922,1,0,13,144,305,0
132,14.72269517360391,7.647594998637353,2,0,4,19,542,0
55,17.922887343065803,6.533896001710089,3,0,9,57,24,0
2636,90.18140307918623,274.7820168388172,20,7,4866,11750,130,1
106,9.132889509669099,9.368239240854937,1,0,18,287,262,0
63,22.21791013484237,9.083341290227814,3,0,0,97,331,0
28,25.32385453160736,6.092130089475115,3,0,19,27,1384,0
190,2.757710824588151,8.867659990604729,1,0,12,273,1478,0
144,43.581504471860725,7.914101553280465,1,0,5,88,544,0
82,4.084758144215305,1.7851861174149546,1,0,3,244,1130,0
187,18.30058884522858,10.020187581886177,4,0,13,81,1385,0
139,11.928878784701132,2.2970498380660755,3,0,4,258,116,0
150,3.320733895137565,2.0049610812026586,2,0,13,161,955,0
23264,91.45365034691106,38.492332136548995,24,12,2657,19256,12,1
118,9.354514480220478,7.389028117911172,1,0,0,185,67,0
184,24.299479060988126,0.4021716091345575,1,0,19,245,333,0
12063,71.65069310801763,41.07052135593442,15,7,2755,16970,45,1
4,15.270492603466792,5.958239475007535,4,0,19,37,1088,0
167,42.27482214099778,2.5235180510295194,1,0,13,51,846,0
191,31.51919452884699,0.4679897355230582,1,0,18,116,223,0
19461,77.63767538231087,66.70071048182442,9,10,4597,8584,29,1
68,21.71592245209952,12.878056368859783,1,0,9,16,1448,0
123,20.612112119726245,5.955086218886565,3,0,9,78,84,0
185,28.602473143989833,3.580774577339929,1,0,8,160,1139,0
105,34.31011704673952,0.46396055581543505,4,0,1,224,1432,0
5986,94.81001491097064,201.36045497107128,48,10,3017,7336,187,1
25,43.66783984311099,3.0969344845966216,3,0,1,19,1023,0
98,37.73884657005034,7.921517855227666,3,0,9,122,1427,0
105,4.104202803235362,8.695952076308995,3,0,4,121,360,0
94,37.36444281765605,2.288758876278911,2,0,9,225,1150,0
7893,95.25500337267088,172.51759680296408,28,11,768,15403,190,1
14644,74.56821596207651,53.37036540456411,31,14,3620,2775,126,1
176,11.591353769194296,4.475778559040699,2,0,6,121,601,0
12898,91.42034629830202,212.39728949142025,28,2,2801,19083,27,1
53,27.648067130230103,2.01000228487588,2,0,4,46,1370,0
117,21.99283197853275,2.8888794124115105,3,0,10,195,260,0
67,39.22724821598409,9.701502817999799,1,0,0,228,450,0
20528,74.36680359121294,142.02535310214154,26,1,317,7958,51,1
0,15.37212697474008,12.066683025150065,3,0,14,46,452,0
101,21.862949618679504,9.66096808140629,2,0,5,240,916,0
7245,82.93570766398113,206.53639460133633,21,2,2922,16535,96,1
144,5.982711872152073,13.126352962596608,2,0,13,25,961,0
154,44.27695708660117,3.3013336357324716,4,0,3,251,921,0
22,24.02459496921099,11.038455700488832,2,0,3,282,174,0
9822,74.10317509600459,154.3204505765649,8,13,3528,12581,179,1
123,39.911110830736654,3.1468035718177703,2,0,6,288,1013,0
47,10.211329572900347,13.66230335101365,1,0,13,104,1148,0
95,12.03929401040851,12.327559249281734,4,1,12,46,357,0
73,2.5470070119325428,13.52435609097758,1,0,1,42,305,0
61,28.152661554860877,8.643684225875786,4,0,14,138,778,0
146,44.80838777367137,12.945052879019448,3,0,17,153,1475,0
10,37.52892691121353,5.5924477222245015,4,0,11,18,743,0
123,6.647396771046571,4.184628891159881,4,1,13,145,470,0
143,7.573573091965982,14.849393217374132,3,0,1,227,962,0
13,3.408239104699379,8.880083347474338,1,0,10,103,1317,0
90,3.1903640670139257,8.87146571760664,2,0,18,109,919,0
77,21.044938407564786,4.191127501710221,1,0,6,129,1454,0
18,15.757899793839265,9.750865214374423,2,0,6,99,1241,0
46,27.146640401578278,4.37431643724363,3,0,15,197,638,0
102,5.0225676399540795,1.3500796133707489,4,0,0,32,690,0
38,10.130505796934676,10.864258003033955,4,0,4,53,725,0
51,37.278751071196886,4.4444938666789024,3,0,12,270,1457,0
31,8.341337441045416,2.986710102069678,4,0,4,138,1234,0
190,32.69689593780362,6.08672568796712,1,0,4,101,99,0
106,40.314438741305985,5.003528616689917,3,0,0,196,531,0
174,38.098374061308796,3.2279842919349178,1,0,10,244,1304,0
50,17.66294764557101,5.5266131174777895,1,1,17,88,1087,0
92,31.10519930829341,7.764310373014201,3,0,0,165,1433,0
109,32.8355212265679,13.357056488267544,4,0,8,102,350,0
11,1.8423741918608139,14.74152093125418,2,0,14,47,638,0
74,29.513333994429424,4.977912533719448,3,0,2,189,1313,0
12298,98.60060778650866,23.954592513412067,22,12,2704,6341,60,1
150,18.44836200755838,8.585287583235218,3,0,15,245,1394,0
163,38.92112822497251,6.4454415571588415,2,0,6,181,589,0
135,12.955574351519907,2.0064541197044963,1,0,16,211,543,0
25,20.38653701860369,2.0050218868395637,3,0,1,15,1012,0
119,31.030516125112808,10.840163115476242,2,0,4,193,1278,0
172,16.183684802582285,5.729172676250231,2,0,4,277,361,0
15,33.322765231263546,4.587269394803135,3,0,7,209,1088,0
125,6.119773347237818,0.834177438383295,4,0,4,278,566,0
142,28.504028318207258,14.889589151414286,4,0,1,65,268,0
21789,70.94997391422214,249.2242261748051,10,12,2632,8710,118,1
119,29.96552733826672,12.418241961104604,4,0,2,226,1117,0
12854,83.77592745340066,178.8993640634686,31,10,2199,19068,30,1
18,15.775920044227519,1.7852757718756256,2,0,18,228,1358,0
171,10.783897408919493,8.181559746837538,1,0,12,110,1111,0
69,20.561234047054853,3.3047699088978835,1,1,5,273,523,0
26,8.887143252528354,3.632348828495253,3,0,11,129,608,0
101,6.521397059162631,2.3788534784838498,3,0,6,172,337,0
111,8.429808732149553,4.522323055272399,4,0,19,258,472,0
102,44.310167067817815,12.59123352684144,4,0,0,251,3,0
2381,74.77462738240531,140.82927685325592,19,7,2286,11151,72,1
161,35.44080966706102,14.330968486868722,2,0,14,107,1225,0
156,19.187068234332457,6.55283392854321,4,0,11,132,333,0
124,37.92038674718291,12.084372858847871,4,0,1,136,800,0
155,4.228018968222518,6.699763113843097,1,0,8,122,382,0
145,23.433576420220138,14.44549363891291,4,0,1,251,22,0
14353,86.94186458708646,191.84128148422064,11,6,1379,3888,130,1
30,29.580464297306317,2.1974798207910786,2,0,14,119,11,0
23,16.195045898775064,5.572437749082567,2,0,5,145,759,0
55,24.796390814747745,9.54999718232286,2,0,17,197,89,0
148,20.261662419477652,13.113424049128607,1,0,14,169,487,0
77,2.6896386023591607,4.745486937394827,3,0,10,30,1480,0
174,11.619386968849994,5.697166158845712,2,0,6,227,99,0
175,29.13300254398031,5.98663724828407,2,0,18,152,522,0
31,33.647797209551584,10.53280506348139,4,0,9,159,1065,0
1,5.605059375245171,10.216286821781981,2,0,7,258,971,0
94,11.34137714772442,6.513286430510706,1,1,6,98,235,0
133,32.85728430600854,13.92621959843162,2,0,8,204,1147,0
28,10.663936858161037,13.501850959852145,2,0,19,90,439,0
140,39.178892308446514,13.924369918550674,2,0,14,104,1049,0
101,43.6832760933351,10.525724849599623,4,0,16,120,1295,0
155,32.57775094291398,12.020810678475433,1,0,5,173,92,0
0,37.236297970920035,11.226475286192581,3,0,1,117,840,0
93,33.23495876657754,5.511519021753653,3,0,7,237,804,0
63,20.80258013475391,7.75674993819568,1,0,15,246,734,0
170,12.738960175088557,7.427680426092654,3,0,13,218,1023,0
0,33.589197566931546,1.6256774956183306,3,0,17,127,843,0
19,18.064347956344974,5.194823954263426,2,0,14,229,540,0
169,44.14500199067184,7.7048515480957285,2,0,10,125,350,0
40,24.1206935236593,2.7819942874992343,3,0,5,260,103,0
91,21.85253368510852,12.328964028154381,2,0,18,127,669,0
83,6.422888157832263,8.442407212885646,1,0,14,283,811,0
135,38.26303787487392,4.188748211371657,4,0,16,273,93,0
9,13.085298270667838,12.299196057774315,2,0,3,20,1287,0
13841,83.87743854704104,280.7834286442437,8,10,1456,18845,118,1
44,19.1947273327582,14.642607491422034,4,1,12,71,552,0
35,7.596007142874145,0.8452804314425766,2,0,3,236,1443,0
118,41.996182689168286,7.273386654768322,1,0,15,231,1045,0
162,25.628765098681697,7.9885925340650195,1,0,0,269,43,0
197,34.48426324978043,14.824232041631914,3,0,17,262,571,0
76,14.802937489314875,4.344304881498143,4,2,5,234,1081,0
135,11.107516482062195,2.294379746625068,4,0,19,261,1027,0
77,43.496813427533674,6.7785760734125455,1,0,10,123,1062,0
30,16.002177143164566,14.26065829708319,4,0,13,120,243,0
110,16.2681027581368,8.843624631596098,2,0,9,210,194,0
115,20.321749075413422,14.679567523609682,2,0,3,121,1335,0
66,37.68033646090758,2.4621887616488607,3,0,15,112,301,0
55,13.177181805857579,7.620839421126572,4,0,8,266,379,0
156,31.779226297713166,12.784104962026312,4,0,5,293,971,0
176,36.704501322674,13.382680461889946,4,0,14,71,103,0
176,28.825435284482378,8.82374048089403,3,0,10,95,1302,0
138,6.295997353239386,7.191539041461089,4,0,12,191,1113,0
36,42.698191790828304,2.901812279572908,3,1,4,177,140,0
146,13.262549900855134,8.980849398152037,4,0,4,262,952,0
165,15.960192986635255,13.942411197180336,2,0,11,124,896,0
139,28.401149742553006,1.0542485055853488,4,0,15,30,1472,0
12592,99.86517614588678,73.37409155534878,6,13,2600,17799,158,1
65,27.826003964134205,0.597928121105386,3,0,3,224,1372,0
3,34.396232430964965,5.160943245173496,3,0,0,181,285,0
134,33.44698342279337,0.7253936210282396,2,0,18,235,425,0
198,30.590319557640562,12.141540030460769,3,0,6,114,650,0
47,20.09815021303995,4.459929638609633,1,0,5,258,1161,0
165,26.427208958539886,2.3746066516576776,3,0,6,65,565,0
138,20.262385001183276,10.052212658290562,4,0,16,211,1355,0
9871,95.85802672785047,29.02015026215345,9,9,4527,14455,111,1
11,36.906497313030236,1.426147351941927,2,0,2,106,135,0
155,37.79681777650824,5.152405437613932,1,0,8,92,47,0
103,11.630456163173573,14.992627326656896,1,0,4,253,757,0
22747,83.10750985841592,171.41869833228884,47,4,3189,11611,98,1
64,11.245776502548146,2.724693296292615,1,0,2,28,913,0
146,15.499338206055857,3.317479239900013,1,0,7,267,222,0
98,24.799820168875556,11.065708051676152,2,0,9,201,172,0
165,37.41104253396795,5.108863544835741,3,0,7,206,643,0
83,42.68150356642633,1.4391863734995067,2,0,18,32,394,0
138,30.416054585015356,0.18335292263985573,1,1,18,216,741,0
183,22.636469492835534,11.839184321824604,3,0,1,31,386,0
130,44.62744213640501,8.98747120540489,1,0,12,119,1437,0
149,41.937530487450324,11.509873483608345,1,0,17,108,341,0
74,22.77234187042404,5.588780163012537,2,0,11,59,967,0
85,21.161011431097503,2.103023134252437,3,1,0,95,1394,0
1932,82.44203924589387,24.324630115533065,14,2,2603,7394,198,1
12,16.89350659493572,3.7104280351729715,3,0,12,93,314,0
32,36.56380129351624,12.470727872442637,4,0,9,224,662,0
3650,97.92967821771934,198.00749531051946,40,6,2448,12997,24,1
5,6.788873492131604,7.452319761312805,3,0,4,206,1403,0
26,41.03692695902762,10.29197043921187,4,1,3,52,659,0
17,3.509184216159252,10.881352436555716,3,0,12,277,292,0
160,16.566722984403185,4.744379490242898,4,0,16,63,1439,0
169,2.108760172127064,5.703022687526431,4,0,7,226,567,0
27,39.79519466409773,14.942564107650458,4,0,18,175,637,0
118,10.987055736746925,12.678722828065858,4,0,3,53,1023,0
184,34.82487377995057,2.7917580411584377,1,0,14,266,621,0
170,8.560496255736972,2.264761545212221,2,1,10,178,160,0
51,4.570563855594523,6.662475102775086,3,0,5,73,1455,0
85,10.144249024188776,10.031422983935563,4,0,15,123,377,0
21,43.49662206760664,3.5608731353784613,1,0,9,143,1026,0
143,8.233843279470664,9.211273305516066,2,0,17,28,741,0
99,34.62020580947069,3.221344718522036,2,0,16,252,598,0
71,11.595367907219623,10.93200008305265,4,0,13,263,1123,0
17,19.36537042248251,12.710138390435018,2,0,13,160,521,0
162,39.716243575988635,1.489982032357331,3,0,19,28,1048,0
9,39.46952270203155,6.989185563991314,4,0,4,128,367,0
124,9.378193825096048,1.7658255313856637,4,0,10,162,1052,0
43,9.03550573113645,2.35865988734456,3,0,9,130,1479,0
125,43.13356466368796,12.615973526334749,1,0,16,96,645,0
172,42.863572329176044,12.953859927891314,1,0,17,33,82,0
132,22.836985522028147,13.223153798405422,1,0,18,150,1055,0
39,30.906677540667193,13.74755075891538,4,0,8,212,109,0
191,5.019542679836457,10.259312177289594,1,0,4,130,1231,0
192,28.39833980179109,8.411370873457972,3,0,2,106,885,0
143,22.60486955743204,0.5401753323112498,4,0,13,203,560,0
29,35.98485243117589,14.676215341384923,3,0,13,51,254,0
4,25.042933907425283,6.114335747952818,3,0,10,127,1472,0
38,43.915097873079105,9.586724423933331,1,0,16,127,1450,0
14,40.34014931146303,10.145385537561246,1,0,13,157,599,0
140,20.739834031180305,7.644937935822665,4,0,6,292,1273,0
12,40.178018757650456,2.4584652152805613,2,0,19,190,1103,0
71,40.27256200940488,1.5824937700915083,2,0,12,42,350,0
20,26.38172476983881,6.674987617576023,3,0,17,160,1371,0
162,3.9936418200334662,7.315566351834909,4,0,15,141,1071,0
19,42.29531047281774,3.0663264611365704,2,0,7,136,390,0
150,18.20036678101114,11.374903160660896,3,0,5,149,755,0
138,27.98483413504468,3.24700305296048,3,0,10,278,747,0
178,7.877946711189878,11.742207654088485,4,0,7,237,329,0
152,12.708460215641578,5.056827499301825,2,0,3,124,845,0
40,17.10524369284667,11.522677711099844,2,0,11,185,119,0
38,43.76119325832133,13.280122607168112,3,0,12,102,367,0
64,21.223049076248763,7.75342481013781,2,0,4,28,203,0
114,43.52999388982594,10.770301843103388,2,0,13,95,548,0
103,27.722274338894902,12.366072752772842,4,0,1,129,1449,0
36,10.16587716037479,4.197189960407238,3,0,7,263,232,0
19904,94.28390956849103,103.35760425283772,17,12,4748,3670,150,1
109,31.835570392076573,6.6359651821205805,1,0,3,225,286,0
165,29.608235323608746,3.119588137657423,2,0,17,22,1435,0
42,4.486982669716868,9.54735257377012,4,0,8,294,786,0
113,14.45273412768081,2.2431336177556322,1,0,9,154,1168,0
82,42.07017758903201,8.702391705425917,2,0,11,69,666,0
100,24.213503386715416,0.5587198760251243,4,0,6,64,438,0
6651,85.31019279252418,181.2668597816728,32,5,2497,4143,143,1
24,27.303552589666616,1.972351069135783,2,0,9,115,430,0
10,16.50239038711173,12.667074156064833,2,0,2,251,1344,0
136,24.322302925344758,1.30361028672772,3,0,18,262,301,0
113,29.41190190744636,10.676090227758342,3,0,11,102,332,0
163,39.26661893347189,3.991882551981303,1,0,15,48,299,0
17346,92.52637105933877,41.164985156742446,25,8,158,1859,85,1
1,1.2720881961994537,12.184129086487832,3,0,16,12,923,0
172,38.6607083420171,13.771118435732186,4,0,8,199,919,0
192,3.6218322835383234,7.635560245496121,4,0,15,154,19,0
137,4.27485041129469,4.371222801864064,4,0,10,253,1197,0
150,24.213870823975288,6.964206104883793,1,0,6,27,706,0
41,44.00031703292368,2.1301334198704702,2,0,6,215,1155,0
7773,79.4211354878945,91.14918337998364,42,1,4077,14569,126,1
182,20.077642875835032,4.288000893132185,4,1,15,262,1107,0
174,24.957866200570063,3.2345440147945532,4,0,7,80,180,0
97,40.90984625826096,1.8350383088622004,4,0,0,228,1462,0
103,26.509943437549104,14.056650107340527,3,0,14,109,1074,0
84,12.794076244660062,5.373196811227195,3,0,17,237,205,0
47,25.319111331615993,5.119030751562575,2,0,12,165,345,0
107,17.719079474477365,7.519846908552159,2,0,10,226,388,0
178,2.8964047937262585,11.449966326395787,3,0,13,249,445,0
12207,78.35491931735113,137.6309000312677,49,6,1734,9826,150,1
9,32.092270956953094,4.782198655442623,2,0,17,69,974,0
130,38.332758073875645,3.638990196851496,3,0,15,182,988,0
191,28.116792927582367,13.553225066334228,1,0,18,67,372,0
196,12.75723540138726,10.374509724674278,1,0,11,164,651,0
115,18.642694374287476,14.108623343185744,2,0,16,246,1361,0
17,38.91149780369505,12.038027513630071,4,1,7,169,1319,0
199,28.204540924603673,13.74060553015314,3,0,12,96,870,0
146,5.595998796406661,12.72472150847886,2,0,9,217,639,0
83,28.530004139499514,0.8789179468558652,3,0,3,199,1401,0
45,27.741118056208713,2.202779162659896,1,0,5,169,462,0
11,9.243258818378711,5.797232508958992,4,0,18,124,1096,0
7,16.03220895838648,5.292321839355264,1,0,7,100,911,0
82,42.663727576262744,14.110710683265038,3,0,4,92,536,0
100,40.07720031309758,12.044474588487372,2,0,3,128,489,0
8,36.93829652624799,5.916609046099612,1,0,15,146,832,0
24,28.395743478340954,5.519510264921695,1,0,9,14,1189,0
199,19.025526348543675,5.200777828668762,2,0,16,73,604,0
168,9.282216789838007,6.958788711855235,4,0,14,194,420,0
136,37.58680665693784,4.049020280294157,3,0,16,180,1377,0
146,27.28688667323048,8.786677347802902,3,1,16,35,1333,0
152,35.44533919141293,10.168626729172939,2,0,8,157,452,0
160,12.021249656989593,0.7264674615315759,1,0,9,281,1146,0
31,31.438216122247223,14.508076768617759,4,0,9,151,206,0
56,9.048608742331727,11.340201737321154,3,0,17,145,1353,0
76,34.45760296064924,3.4508130253604237,3,0,16,185,1260,0
88,16.104121518835726,0.8089895689370752,4,0,8,107,1373,0
81,21.616507762009924,0.6848704907578986,1,0,0,15,1055,0
145,38.7181612442708,13.348044982002389,1,0,4,66,304,0
31,4.847646079194959,3.247817462379127,3,0,9,123,938,0
77,42.259003076692174,3.865865764351951,2,0,15,107,369,0
134,7.294725919829705,0.8367668065222741,2,0,9,120,90,0
6,9.975762558813045,13.886443160688769,1,0,13,180,429,0
99,15.21320321318013,2.342382921281525,4,0,18,102,1250,0
153,11.220744780243916,3.146554130943875,2,0,13,88,1291,0
137,37.1969286131388,4.895514864499672,3,0,9,66,319,0
41,35.87714897707115,1.1352517747646256,2,0,17,185,27,0
10,17.603979779052633,9.526887819136263,3,0,19,23,1427,0
193,30.655745158412138,5.262392377472141,1,0,15,242,713,0
35,6.268858694023403,8.515710438184115,1,0,11,157,342,0
169,14.172868443035325,1.728263735985583,4,0,15,292,532,0
165,9.077503603626424,9.577001291465098,4,0,4,115,1301,0
83,38.903610184938266,11.585136372798386,1,0,14,175,79,0
146,4.409279568441239,5.587824693092302,2,0,18,82,887,0
112,30.324374091180772,3.082297747615566,2,0,11,113,436,0
2,18.316434788677885,6.045702735519731,2,0,6,18,40,0
63,4.083022611732336,10.668152973880213,1,0,3,135,184,0
94,27.227606030485465,9.891070702012973,3,0,11,117,344,0
4501,71.50247062607713,186.64694710105155,24,7,3275,13870,2,1
89,39.30943750152278,14.010869129742902,3,0,10,289,757,0
57,37.03024790290075,5.77839765281603,2,0,12,67,1443,0
144,22.254914788505317,6.039755894426121,2,0,7,12,600,0
125,35.76578044394876,9.153591280670687,1,1,11,231,887,0
174,17.57966762206535,12.623984611242987,3,0,17,260,1476,0
112,1.7094844403774552,14.85385765984991,1,0,14,227,861,0
16,21.163145849662108,12.512548424836783,3,0,12,206,216,0
54,36.20605364109134,8.862485063234995,1,0,13,28,435,0
46,13.508684720200211,1.3468467248906901,1,0,18,197,1254,0
175,42.89961663946838,7.589333094135475,2,0,18,267,64,0
175,43.627846385423396,0.9661934862997459,4,0,2,266,1056,0
152,13.858954096533067,3.5894969416905127,1,0,7,272,122,0
8,13.5963139329254,7.181173246149287,1,0,12,118,554,0
0,26.15682325832494,8.396593568146782,1,0,18,263,366,0
117,24.260890575528126,0.5982259848603553,2,1,11,230,1189,0
41,40.485482006149795,7.0176583029326665,4,0,13,13,577,0
195,31.81530711012906,13.590060505110168,2,0,19,87,933,0
69,15.896377207230259,6.795334619270238,1,0,0,242,1288,0
56,15.278292563433682,5.209092161099798,1,0,19,105,641,0
45,8.513803440146823,1.8501848846661215,1,1,5,221,496,0
183,20.493483078855252,7.120471134734314,3,0,17,110,559,0
133,5.83397700459445,8.069604060805453,1,0,18,40,606,0
166,31.48799208508978,7.606224311497047,3,1,13,282,486,0
102,33.12975558131897,10.893892870012795,1,0,8,58,149,0
178,2.1303443742539594,14.446770360626964,1,0,2,89,1492,0
65,15.170971548612108,10.832811455530543,1,0,13,135,829,0
142,34.86885140571184,5.513534685978249,3,0,14,121,256,0
140,27.356485945396972,2.741937677487409,2,0,10,28,137,0
28,32.447628674089586,2.5003903465206916,2,0,12,81,173,0
54,8.397196294299905,1.204970676033058,2,0,4,49,75,0
175,5.173364503138869,11.679701823463365,1,0,9,118,473,0
142,22.752315686013354,7.1104607144362655,2,0,3,158,1102,0
137,15.117599880993119,5.008308194879199,1,0,2,146,691,0
145,5.3624289402154535,14.597362968262543,1,0,15,269,878,0
103,7.285046451830603,11.25079121647992,1,0,3,73,363,0
144,41.24014120933659,8.745405129767212,1,0,9,214,1296,0
2,5.410804803806572,2.776923406545689,3,0,5,177,329,0
79,17.79112596080194,5.281293749833802,3,0,13,258,1051,0
49,1.4096527935435619,10.6811610601879,1,0,12,38,1333,0
56,18.82004833785213,0.5117143095533664,4,0,6,126,73,0
190,2.762601238230557,14.46088315170389,3,0,13,235,1072,0
13,25.8343298623089,5.510675594865987,1,0,14,55,1207,0
28,10.26230534527509,14.69804158813051,1,0,14,152,1178,0
2,33.50381863196892,4.875988885416783,3,0,11,201,531,0
15,37.54740145899882,5.9119843796396605,3,0,2,146,774,0
98,39.17981872342406,3.377867790764267,4,0,12,143,895,0
190,36.424281729809934,4.915591573332608,2,0,15,31,459,0
97,17.241992527604996,13.569327279180351,3,1,13,236,1329,0
55,38.83096569171241,1.6721533313778965,3,0,13,39,285,0
5113,72.23830476339243,171.1144444121746,5,4,4885,2455,118,1
11,41.32552264908263,1.1559883397576165,2,0,17,237,986,0
53,17.854587482524156,6.4161063047552735,1,0,14,24,1015,0
61,24.11400363583174,2.505113116544852,3,0,3,40,266,0
5087,90.07387679668619,150.57296440128044,41,5,2703,4816,109,1
99,44.2309359792657,5.002185371967269,4,0,16,159,1018,0
195,26.87163169640864,10.82142035765498,3,0,15,95,1143,0
41,34.44153567933965,10.806116640021466,3,0,10,47,1322,0
149,7.534298392321956,12.10315431397438,3,0,12,158,1049,0
42,1.4390661729717724,10.660607921950254,1,0,4,241,96,0
24,6.077364255872364,10.352953122174618,2,0,17,23,847,0
17580,79.34786804340769,242.7704805695428,20,5,470,15341,153,1
4,38.749136215882466,5.992787235135196,2,0,9,223,1394,0
38,27.369168628281102,13.712312369900154,2,0,4,10,935,0
9572,99.77136974293674,200.73007293936445,39,4,559,16173,103,1
47,18.533065532805434,8.35208064643057,4,0,6,238,54,0
100,22.70702987430474,11.371517414722145,4,0,3,93,723,0
146,20.811186830287173,2.9610421394224375,1,0,12,273,317,0
133,42.046178365571855,12.50840815824709,4,0,16,146,264,0
184,27.977114519046626,4.838344601733042,1,0,8,26,1454,0
187,16.716462695693973,0.33308510008076864,1,2,19,222,517,0
5876,72.66602197690908,123.41238665372097,8,5,2084,4443,22,1
25,25.25103832432037,5.707046072629464,1,0,14,160,1089,0
58,2.7162825135639976,12.488107666761637,1,0,19,189,298,0
121,22.891753494428496,7.95693234507166,1,0,18,189,313,0
152,38.57348681424153,5.312939243914929,4,0,16,35,738,0
21,19.576458290749834,1.2336624288060583,3,0,2,244,916,0
194,3.7511570126852125,2.442811409904079,3,0,3,217,30,0
2442,78.72721562148676,102.13078419335054,41,6,169,3104,199,1
13,15.704479423616837,3.761679651569729,3,0,6,44,495,0
168,33.202400440606034,0.5266047881512271,3,0,11,22,1114,0
21,3.9583039239846904,10.428822179061129,1,0,2,50,1409,0
65,7.974890297206016,3.4531019457585708,4,0,18,274,1170,0
129,35.93663581170236,1.4250498890498555,2,0,4,230,1352,0
161,22.762270321605385,3.321209750670084,2,0,7,284,1028,0
182,34.737807678886774,5.179654496962147,3,0,5,176,1424,0
7,2.1707681074181018,11.780486659214125,3,0,11,194,498,0
15,38.753023924318086,2.0422400277503976,4,0,4,137,214,0
182,37.135414496405204,10.59591196001455,1,0,12,181,974,0
98,17.42112424062558,2.039897452068464,2,0,9,104,388,0
24266,82.02648470977157,177.71659627459312,8,11,848,11468,57,1
13,31.67520245407114,10.717760968746058,1,0,6,217,1279,0
136,11.230263657144572,11.93632495388356,4,0,16,156,239,0
109,25.897478646069562,2.0437889846157695,3,0,10,245,1380,0
3,8.29291978646971,13.55545473122748,3,0,19,245,876,0
103,44.29993641452663,3.1017762873180903,4,0,2,252,1459,0
78,33.63410167564022,13.341528900293495,3,0,6,75,592,0
131,14.54191983289856,4.767436033283447,2,0,0,115,43,0
105,34.38347413121251,10.408772231596581,1,0,14,217,1047,0
102,43.92648444289271,14.051507025633594,3,0,7,270,436,0
127,38.05652415841704,7.220570848091669,4,0,8,93,1015,0
188,4.72971079475866,0.8799966254630762,2,0,13,16,129,0
54,18.04007410269302,13.489720031686439,4,0,11,230,245,0
188,44.86136850838336,11.596042213954425,3,0,7,87,276,0
121,24.95629861456342,11.38909848738429,4,0,12,231,1319,0
149,33.58241893360602,7.946969726525443,3,0,15,284,317,0
150,40.611620892891096,12.741424123814614,2,0,8,69,1281,0
160,40.15280133988567,13.989209616283121,2,0,5,13,100,0
136,18.88998364381678,1.5558384032627017,2,0,1,127,633,0
16975,89.44975652078601,161.48482667506016,25,13,1131,17348,126,1
27,3.286508317771931,5.39456165247125,2,0,19,196,1395,0
41,24.76955973825922,12.421540473753252,4,0,13,224,1083,0
127,14.174617491336692,13.677391223688604,1,0,1,101,50,0
136,29.426065540250224,12.170032692615491,4,0,12,117,1436,0
119,41.51042163425926,1.9997459274125875,1,0,16,34,836,0
18574,81.33235575576775,71.22029624125238,47,7,2851,5451,15,1
116,24.102170970796923,13.271566875380682,1,0,17,215,133,0
192,30.598931745191514,8.188884172175998,1,0,14,239,542,0
132,29.983576103988973,12.637452423348046,4,0,7,131,1104,0
77,37.38177668280114,13.113532722847369,4,1,12,56,980,0
20374,96.65749350672215,162.0145728319663,39,4,1016,9456,149,1
41,8.47503122163852,1.2188953224991783,4,0,0,180,715,0
35,11.266644196570372,11.549473959646907,3,0,17,34,466,0
21,27.193343700809518,0.5767174561504383,3,0,7,58,660,0
171,43.34407392399925,1.202051490337244,2,0,1,218,172,0
160,15.730717843189883,2.9905099477286186,4,0,7,36,58,0
108,13.376520796333502,5.231977888636105,3,0,4,276,1097,0
138,8.034709588123421,14.14028397472798,1,0,18,132,978,0
34,3.729617599666387,3.0275915208034876,2,0,19,256,1309,0
114,33.33673728537534,2.8335224829070893,1,0,11,247,850,0
102,34.726662179433724,6.2365990188530045,1,0,15,26,1324,0
6885,75.38964970925556,61.40598630783112,48,7,2074,2492,84,1
152,41.48167922079831,6.182505156564657,1,0,17,286,859,0
13398,72.03470115913566,40.47324398384711,29,10,2300,18135,83,1
110,33.49571773693994,5.778528957523414,3,0,16,179,1330,0
167,25.85791473670882,1.290415948091277,4,0,11,155,381,0
59,9.21799124216969,13.278998368428566,3,0,8,168,642,0
53,34.71945634452517,2.9998268894360214,1,0,7,212,39,0
190,22.259957985801414,4.775353935255358,4,0,5,172,908,0
7,22.28706344964304,10.219019586889443,3,0,12,39,1032,0
180,5.671055556088557,8.259418563727861,1,0,16,179,1346,0
190,12.667512612067647,7.883361633105336,4,0,0,268,706,0
81,43.30233126425018,11.98935351987417,1,0,14,291,833,0
1,26.04612933202371,11.92450883831462,4,0,8,112,1001,0
6,28.58064779426296,10.724168699989049,2,0,3,47,65,0
108,20.389254870668918,12.574565230084609,2,0,1,170,624,0
144,30.58488910483496,2.4357679192294905,1,0,8,49,610,0
103,39.40581454888924,9.908428373049745,3,0,18,41,999,0
180,23.06342484270807,3.352215294515453,3,0,11,17,883,0
178,9.25978585045909,5.867045177829816,2,0,15,179,1059,0
87,29.572668090411387,8.612668229953231,4,0,7,164,911,0
15,15.278519207715052,2.9863840565668385,4,0,6,32,465,0
19691,86.78998122895575,169.58933390155508,15,13,2173,3094,148,1
174,19.422586306418104,4.069026857307355,3,0,8,212,90,0
31,29.95649759448565,12.833800200962347,1,0,4,45,391,0
98,21.71084397760671,13.583449803029048,1,0,3,94,619,0
1,4.661814913155181,11.550170155395593,4,0,4,84,623,0
115,40.86011353432449,13.677716662330893,4,0,13,259,539,0
97,7.272488421457086,9.467948666681174,1,0,6,172,458,0
26,10.623411111887725,7.006862804957935,1,0,2,78,1098,0
10,12.32908552566865,11.381543646580845,3,0,11,60,641,0
187,21.037375830909394,13.213957166161261,4,0,8,34,1018,0
96,40.15618855996595,11.603273610988087,3,0,1,180,762,0
18,25.408199344423586,14.797568875395045,3,0,8,196,1232,0
100,3.4607594056419293,10.598331878786919,1,0,1,225,941,0
12,29.28349000779164,1.1183907345781015,4,0,0,293,1173,0
76,43.53137771942873,12.6897606213618,3,0,9,153,1130,0
98,16.436040810740685,2.0508756566889845,3,0,17,125,804,0
113,34.71091246964223,13.914905082266234,2,0,10,139,687,0
146,30.11335942368432,8.81287644422584,2,0,9,175,343,0
193,37.34684612012456,6.453450241730395,2,0,16,199,859,0
26,14.251725827883787,0.8147166228341906,2,0,16,148,673,0
19,23.26596646612081,7.365216726938458,4,0,12,105,149,0
163,32.6467888253366,10.108998123114503,1,0,1,125,169,0
18,6.297053466719916,2.0418268058646896,3,0,9,236,1451,0
13,32.98881518862189,13.6563722483977,4,0,4,168,671,0
178,7.872866348946369,8.165897202248882,4,0,12,256,891,0
137,1.9305922273743166,2.1789490303390724,2,0,3,159,1067,0
11,1.4386463283188138,4.790305793382673,3,0,7,197,1202,0
143,4.8894665544573686,10.890653200844714,4,0,1,204,1270,0
168,9.672665708240697,11.90403379401474,4,0,13,74,970,0
160,4.20753188235282,7.741950777392648,2,0,11,274,1103,0
14,25.14978126340366,12.570224709384894,2,0,3,46,406,0
141,27.1921810085784,5.158459334393147,4,0,9,234,126,0
176,26.553263958449,5.9315335911198295,4,0,4,67,194,0
160,18.899411241875836,10.27773667033285,4,0,3,177,1113,0
154,7.1271791145269745,10.954217088823022,2,0,17,109,1041,0
69,8.50035050959225,2.701301371677768,4,0,18,212,358,0
160,5.840779729611919,11.20247795262616,4,0,10,173,1145,0
99,24.658453658002745,8.952159110303835,1,0,8,255,1406,0
150,19.447953091304967,5.933902784064275,1,0,2,293,296,0
15008,75.52551037462783,31.13211189240705,46,6,2022,18994,120,1
67,39.51598255563347,11.39612517680299,2,0,8,72,1266,0
86,16.77934960595802,3.855841314067556,3,0,2,128,555,0
10123,70.52526263133552,35.54576668697302,31,13,2053,12823,107,1
176,28.98137438037528,2.0217857281147626,4,0,14,274,216,0
41,32.23054220985479,14.211604449935775,4,0,11,140,998,0
87,18.828674273314505,5.683492235782822,4,0,11,187,98,0
193,41.89375328936277,12.713606559715956,2,0,7,37,55,0
170,24.08558149416738,10.21528566261989,2,0,4,233,1197,0
24,17.162982672200318,5.648769923926807,1,0,17,38,212,0
102,11.152321969110366,6.498339924098574,1,0,16,211,1188,0
156,28.3463216900757,14.990093330183619,2,0,2,177,401,0
5660,91.60846507019221,208.07691152424383,11,11,1530,12266,6,1
83,8.281990085200848,8.213516264277171,4,0,7,179,587,0
46,44.67064328712674,5.90006931245482,1,0,1,267,327,0
11,7.006132531677616,13.450822643342397,1,0,15,260,516,0
71,39.31029204012733,2.8001488498428975,2,0,13,177,819,0
86,16.50916606550745,0.8914973005651163,4,0,14,114,258,0
120,36.04119179526719,2.579572836233004,2,0,13,101,1026,0
195,16.26619381661378,7.800867839244037,3,0,9,258,1370,0
119,24.676165221328898,5.514547943538686,1,0,6,214,924,0
165,7.464564637685914,0.7105755115233677,1,0,1,227,190,0
20,2.4706371871621653,1.0660298599142493,4,0,7,177,722,0
59,36.339502511840166,0.6595854391288243,2,0,0,172,722,0
148,29.36879093738002,13.589295242803738,1,0,6,127,1334,0
151,35.82856091402028,7.821452902975319,3,0,0,181,99,0
147,23.082259365078162,6.693120573653757,3,0,13,115,54,0
32,25.90481069506412,4.862815727603979,2,0,9,279,37,0
0,35.11073828073777,5.091627692369667,4,0,12,272,843,0
196,1.7932763941921386,5.5240092912970375,4,0,15,146,269,0
64,8.345807877516645,2.6313114546186385,3,0,18,208,407,0
85,41.53753053737092,3.3738689766449137,1,0,1,271,501,0
162,11.338829819821921,2.1598589279474507,2,1,14,91,1263,0
35,21.517629270167486,14.176776195132156,4,0,19,58,1193,0
117,31.1279072107642,4.378568725220667,4,0,18,173,1229,0
33,25.965201542867227,5.171734081395481,2,0,6,201,995,0
17404,89.42927493360276,196.02066737183685,12,3,4617,7499,43,1
136,41.914301220930675,12.202369125270334,4,0,0,244,1423,0
45,8.690376534497089,14.14078397453205,4,0,10,257,772,0
22235,97.90959450351585,225.59169226286136,44,7,2405,3539,185,1
96,38.18174455145227,4.84858913355242,4,0,15,14,1477,0
151,30.601643034148534,4.420812150397714,1,0,13,212,371,0
120,3.2729237130442055,9.135505673482625,3,0,17,25,118,0
112,17.132058804244085,4.758579083892769,3,0,5,137,1168,0
22,41.4708731582952,2.5644734770702495,2,0,16,139,590,0
155,25.051057345201524,10.57418838681519,2,0,15,210,1256,0
99,28.06306917664671,12.441276115758226,1,0,10,90,309,0
100,38.961914208205926,0.7374706968842911,2,0,14,161,1350,0
46,10.797747481415739,12.950268539103238,1,0,11,255,338,0
154,16.620671709994852,4.011018375275503,1,0,0,146,1373,0
175,26.614371323848648,14.5459451975277,4,0,4,256,1043,0
159,27.2980227630322,3.4167941844644423,1,1,1,43,870,0
101,8.904653590035043,14.722518854460303,2,0,13,235,147,0
153,13.346435782468303,9.688926632512521,1,0,0,85,1003,0
8,35.0773665372708,7.759059210190455,2,0,15,72,158,0
160,2.598992925914668,6.560976544834941,2,0,3,289,1009,0
2158,81.38766011017904,279.73712220800485,47,9,4407,9101,149,1
3,21.174816736228678,8.675687666683439,3,0,1,248,499,0
111,20.483118007924446,4.49712201674585,4,0,12,115,594,0
3,18.426397007160535,13.362715531016159,1,0,17,198,950,0
110,24.384016224329436,11.400214728209628,4,0,12,27,259,0
12609,84.28757226783318,20.449665227100546,12,2,3552,15776,164,1
186,9.529974989223277,9.706327662989082,2,0,0,52,212,0
125,40.41589218864856,11.849422445923024,1,0,17,42,1191,0
4,2.9738645356195486,12.234846038498656,2,0,14,204,129,0
112,37.08297009044857,12.693860816595024,1,0,11,137,848,0
120,43.15719239245509,9.97730315993403,1,0,9,91,1137,0
27,10.315432374510717,5.701802653645889,3,0,7,290,461,0
95,12.498652786956885,1.7080758689784088,3,0,14,12,1204,0
101,8.443123329066488,1.2700550705294351,2,0,19,57,1234,0
194,12.087921752339156,12.411410332952457,3,0,19,72,913,0
65,12.662080646008466,2.1044298351088497,1,0,12,128,811,0
17621,93.51455682497826,53.050661085666995,39,2,1715,19855,114,1
36,26.034041264401434,3.5244080227087875,3,0,9,39,1207,0
70,42.75231360030347,4.712342224099496,4,0,18,54,919,0
20553,90.30800991257317,218.1630022804555,16,12,2634,14842,33,1
28,13.680119142219297,10.901163050357656,1,0,3,240,914,0
41,1.6246519167558429,12.734778230357596,2,0,16,182,766,0
0,5.381507395761273,1.6752959504239098,1,0,19,62,436,0
136,29.041294887673054,6.269610603940465,2,0,1,30,233,0
11581,80.0033320422184,155.831845520931,14,6,3016,1022,119,1
89,35.180140158572364,4.921781094567654,1,0,10,151,384,0
110,8.999976724842906,4.39435832987678,4,0,0,18,1022,0
162,1.6166387711465071,12.746415238422001,1,0,1,200,368,0
17303,88.08861232511107,249.3996737597986,40,12,973,13346,152,1
12,9.824845021875076,1.1841594059704441,2,0,6,32,1231,0
130,17.13576397812716,13.32848991297848,3,0,10,112,310,0
51,30.513661119493573,0.6326510775413832,3,1,16,247,342,0
68,41.13713313496402,4.285160768707236,1,0,3,230,761,0
45,1.6099339801658452,6.018690190536865,3,0,15,167,534,0
169,36.39247422205883,4.888412340538968,2,0,14,20,15,0
142,21.018102708020432,9.73950595422585,2,0,8,256,1245,0
18,2.774689494091887,3.899554422266028,1,0,4,83,434,0
104,32.4644070964828,10.960170591380077,3,1,18,161,1049,0
116,40.70574414886969,8.8049493535926,2,0,5,56,1428,0
52,34.7173791292316,13.96331004836379,1,0,11,164,788,0
188,22.846678578146612,8.369776010658837,3,0,4,159,152,0
18776,84.59280218116524,259.21843870414864,11,13,3068,19047,123,1
190,27.70681711606768,11.652204732817603,3,0,11,74,876,0
64,25.789395431356166,12.814862814369985,4,0,14,128,51,0
148,9.285311096352682,9.375486439349467,3,0,3,292,668,0
184,31.753748453444967,0.7670489914584544,3,1,17,210,1306,0
9,8.172841007854993,1.8503908932597444,3,0,5,19,1337,0
142,9.740361383485855,10.682126739912347,3,0,0,186,59,0
58,11.180748000581314,6.409238193006908,1,0,1,227,1376,0
198,6.389905926503525,14.157078798252751,1,0,1,20,1038,0
96,40.410357547731124,13.857162673221948,3,0,15,129,1233,0
35,12.690164854115594,3.157224217587895,4,0,12,104,568,0
122,36.95363824868575,7.495209292137245,2,0,6,262,1442,0
158,13.571132977079175,7.47294400365916,2,0,13,47,171,0
18341,88.05753034110191,235.32926766029246,14,10,1886,7071,37,1
193,43.562436899552665,13.872313689610694,4,0,0,125,1333,0
192,30.38618789483579,4.414782299593834,4,0,10,148,1124,0
27,3.2734237529502885,6.371358278512467,2,0,0,120,908,0
10840,84.22707436089881,216.02419551799363,13,14,3952,7402,99,1
4678,93.02628055084507,205.79234132326408,15,14,1342,1514,120,1
68,44.878467595758515,1.5267375600840292,3,0,9,22,115,0
172,42.4561599975441,11.597854784030112,2,0,2,104,395,0
10,20.465324592920517,3.2116716047345593,2,0,6,148,110,0
100,10.162199578761435,5.094825385182218,4,0,1,198,700,0
137,18.741141269863096,0.8701166306758641,4,0,6,122,371,0
50,3.4466429539402674,6.235040247094623,2,0,7,254,490,0
106,42.64408657861784,9.535706868328585,2,0,12,229,824,0
142,13.55777901239059,6.332134805448378,4,0,5,67,1456,0
143,24.848673133107948,0.23418439754068116,1,0,13,136,551,0
140,4.5836773672110045,13.402659499889298,2,0,19,51,1177,0
31,38.54595621332979,5.047900973274924,2,0,15,282,1235,0
91,4.323191785139022,6.081508883974056,4,0,2,187,1025,0
177,35.40320017186315,5.028815572272069,3,0,9,44,1249,0
124,12.432438069373177,3.8578157921740304,2,0,8,165,1095,0
22,7.655628516357741,3.204071508214592,4,0,13,84,317,0
7,24.21780851375458,9.65099025407845,3,0,18,56,1269,0
48,40.90212940295278,4.71795564751458,2,0,6,279,209,0
62,36.51270889405856,5.496463487616377,1,0,15,202,1250,0
10,9.426938170206519,5.7854583786002145,3,0,7,44,1109,0
150,16.109014895816344,13.082027123005242,2,0,15,173,948,0
45,5.782031732486452,12.858648407896757,3,0,10,274,1309,0
57,37.0578101569863,7.092614645764105,2,0,10,59,119,0
134,44.67359900146159,11.831497841304635,2,0,0,114,795,0
150,42.084974612064684,6.99302715181257,1,0,13,268,1310,0
16,37.80065740605757,7.603295755445013,2,0,5,206,572,0
55,24.786883750288077,12.155637930663387,2,0,5,168,610,0
126,38.709277246545426,12.565247309051172,3,0,11,275,867,0
140,1.323533960394787,9.108729431227802,3,0,4,272,1163,0
161,42.13216977952725,8.408871660813062,2,0,5,136,397,0
185,16.20728743163474,4.133932613083814,2,0,3,209,130,0
9,26.55381767903455,3.430065282412016,1,0,19,177,1306,0
32,40.50844422613729,7.603194108612969,4,0,0,75,836,0
107,18.818617844552293,10.209904335317773,1,0,15,226,775,0
95,37.09114603357515,11.899407422491329,3,0,6,285,994,0
68,33.92009213014924,0.7577688751030863,3,0,19,106,1314,0
132,14.823130808826772,3.712040326919442,4,0,15,216,1129,0
60,17.859236616601535,5.69109287420403,2,0,18,226,425,0
177,19.811841635827328,11.095501491768783,2,0,1,144,180,0
9,18.506090932766796,12.374646073816015,4,0,14,213,497,0
189,28.084315420499884,12.48672866215022,3,0,11,62,1255,0
28,18.664318279917904,14.608012809267962,4,0,2,141,543,0
35,16.314286041002102,13.768498632450559,4,0,17,168,1257,0
142,20.041742702367557,7.636557416625713,4,0,5,70,813,0
161,39.14851070406642,2.758133953735858,2,0,4,182,1069,0
51,39.991536938463696,4.793623300327633,2,0,0,274,671,0
149,12.79187974291263,4.72119359425295,1,0,2,137,423,0
1643,81.60007853725568,164.16198508474278,20,8,2781,18470,95,1
16,21.22384119168425,11.960001328929287,2,0,4,22,939,0
64,12.798302102924517,14.584230298863433,3,0,7,33,1096,0
20,34.20105189305241,10.342109699017147,3,0,5,188,1064,0
45,11.070520349273956,7.695380296822984,3,0,6,30,1205,0
193,14.123987986301401,10.174512650161711,2,0,13,42,111,0
43,43.308232214052914,10.547002857615295,1,0,10,245,337,0
61,6.795461257480117,12.93059144891524,1,1,15,28,977,0
197,38.46763556350873,6.17711438130461,3,0,7,108,24,0
155,31.444803983730047,13.252856935485498,1,0,10,239,400,0
22170,81.27307356857582,256.46906755353206,20,8,270,19230,117,1
55,5.116613904142764,2.2167179807016275,3,0,17,87,1348,0
38,25.736307686839105,0.5890999324066779,4,0,1,173,1091,0
108,6.735537721903684,3.367499709321977,4,0,0,219,1205,0
199,4.387096550858516,7.6676714984503755,3,0,17,173,1003,0
88,16.887287959005636,0.10611331264370559,4,0,19,42,343,0
172,26.268653303969284,7.268772808071,2,0,4,231,276,0
2116,94.91600046867289,225.01358430655452,24,9,4768,1370,145,1
12,31.784141063373355,13.597155910989656,2,0,12,294,1413,0
131,12.651918158246028,10.93665791086957,2,0,12,115,1404,0
112,34.63539203532219,13.077417237951884,1,0,10,242,1475,0
76,20.01311441928489,0.23134101608764226,3,0,17,228,667,0
15416,93.91195568805162,149.34325474026582,23,1,1773,3171,19,1
117,30.018263192658395,14.789290762122969,1,0,2,250,422,0
64,30.782380136413366,3.4889789855655144,4,0,4,79,205,0
12382,72.70460198543194,286.1879802575985,27,13,3896,11388,157,1
141,19.356510416841367,6.806419502003804,3,0,5,275,269,0
69,26.045084377694817,1.3556313317934066,3,0,11,35,632,0
118,22.340791451057814,1.0164354732337144,1,0,9,146,1381,0
36,25.812460937247444,6.3301608369249776,1,0,0,47,1436,0
130,4.130964547631043,8.461138165284098,4,0,6,67,1011,0
13,42.01974289252278,14.062976159429933,2,0,2,287,1231,0
17786,80.71268493297897,232.55199517002706,5,13,4841,8800,36,1
2,35.00194246526348,1.127951129785846,2,0,15,55,586,0
112,18.133150305342433,13.627569946151208,3,0,1,196,761,0
16981,98.13686479641746,158.62712726408802,45,2,2469,10647,26,1
27,21.53449731891397,1.9765155516077588,3,0,19,90,1095,0
129,18.557553976267126,10.901199924704148,4,0,2,93,1129,0
107,32.118046446758626,3.5432249398050715,2,0,12,201,415,0
187,13.650492772885396,0.9304593448708917,1,0,1,215,863,0
73,26.82520628859191,2.6156207391232944,1,0,12,248,981,0
29,35.22801389693562,14.140918264303226,1,0,11,124,911,0
53,32.68692828096137,13.845233554907297,1,0,14,182,1382,0
112,1.2806779098899899,5.319058322972981,1,0,15,234,275,0
149,12.85533563736082,12.514820907962909,4,0,18,242,1054,0
5059,77.25346983349317,165.68980362656313,44,13,1575,14842,143,1
179,16.95263104860016,10.473699398206959,3,0,3,192,1185,0
17687,77.99576059903413,241.080673708776,32,12,4996,1783,97,1
180,6.51105416823315,14.723094255321591,2,0,4,178,506,0
7363,84.62837059219227,55.60930874604641,27,3,346,17158,138,1
3604,89.63294218440436,221.10071197743045,34,11,841,12274,106,1
22223,87.87382419918815,274.05766699157334,40,1,3650,9475,84,1
68,3.6375052378975643,7.107828314264375,1,0,4,206,875,0
128,42.62271915320637,0.2445352883533291,2,0,18,37,125,0
0,1.8536548072014791,12.009062892803524,1,0,15,156,1368,0
24,5.178472110048566,2.7444793413660755,2,1,12,216,142,0
18785,83.60786010061082,296.973578802088,20,7,1655,5654,52,1
70,29.23631348113656,8.259479899740832,1,0,0,281,680,0
177,42.69544097490935,12.280724022232434,1,1,18,217,1084,0
126,15.439897243094928,6.67432206946658,4,0,17,256,760,0
74,6.939053387152252,9.974564108185849,2,0,13,61,700,0
67,32.79807727687741,3.2049168172314983,4,0,11,99,37,0
182,28.66429666263969,11.61904311009497,2,0,3,258,196,0
115,12.777411236549092,0.4012410502021817,2,0,7,50,1080,0
90,6.677601991134696,2.7393182764157378,2,0,14,254,111,0
85,16.90776826157009,7.4211014450049,1,0,7,267,575,0
36,15.798229347894676,13.375831082199547,3,0,6,224,1153,0
40,31.85147390997143,5.814664235266257,3,0,10,229,1430,0
22,20.567362181766775,8.025469383531407,2,0,8,249,867,0
151,23.594786136637882,6.5873020023074,1,0,19,234,904,0
146,12.915478433626793,12.929397659586382,2,0,19,254,1138,0
108,37.339081962779844,8.856268866951579,4,0,1,74,982,0
99,2.5091076573457136,0.15854688919104526,3,0,15,216,922,0
102,6.471217022958296,12.70159868705387,1,0,3,268,1196,0
64,18.924083065364623,1.2062782040251319,4,0,6,243,673,0
10555,99.88294283089827,145.48447183884286,37,7,4167,16757,18,1
6043,72.08189986356004,160.11216589255469,44,3,3861,1346,198,1
190,41.021814582366204,11.292110680556481,2,0,10,84,928,0
73,3.1657202397935107,5.951753201940991,1,0,9,139,31,0
166,38.258540082268794,4.715492289459287,3,0,13,200,1038,0
75,22.702889693143376,1.3110586621292275,2,0,9,164,759,0
152,11.583389747926544,6.423396369280405,4,0,0,251,893,0
25,3.473868973442779,5.905895592092919,1,0,10,10,725,0
61,36.140854335692005,7.7993670696069595,3,0,18,54,286,0
127,39.441833520672944,1.4457465484561884,3,0,7,38,1079,0
54,39.75938706396911,6.084631573889266,2,0,3,115,990,0
184,30.801230198769016,4.676534257830287,3,0,19,184,1183,0
83,42.89944344794225,6.587998320640329,4,0,12,68,429,0
16817,99.40100332181633,169.21467117552277,32,10,1337,3484,105,1
180,20.97418865410583,14.29677733891268,2,0,9,200,1346,0
86,15.424880749401499,9.012918438575836,2,0,19,245,1181,0
7,3.302645721229165,7.73905227769929,4,0,19,96,645,0
4636,73.83647393248975,172.65154901409093,18,1,3191,6200,49,1
188,4.720876636278465,9.856158694135477,1,0,17,13,195,0
167,37.89364068909309,11.284968312796657,2,0,12,27,956,0
81,29.345372703543187,11.664662775173781,4,0,9,166,940,0
53,31.71510404174967,0.21561876022762483,2,0,18,115,273,0
169,31.66906330418918,4.355836335285298,1,1,4,188,1180,0
1207,98.6903879977027,244.3590603762877,48,2,3981,7715,198,1
24123,71.46537299870289,39.10486760113585,38,11,3277,14062,141,1
145,31.675315188775418,7.428667383757896,2,0,13,20,839,0
63,31.41485320658353,11.350516241561214,3,0,4,36,1160,0
100,1.7335482263838564,10.601457958369581,1,0,12,83,407,0
57,4.386753452758459,6.374671676067816,3,0,3,70,724,0
191,19.434670046299072,13.642874387409664,2,0,11,276,166,0
122,35.469037679816886,11.90084657933992,3,0,2,276,1406,0
49,37.21215727566513,5.470899134323908,2,1,15,41,1092,0
37,34.41888654354554,1.2178291245044808,4,0,6,267,892,0
123,16.53017415190369,1.7815863562201575,2,0,18,79,844,0
85,16.0740076436898,3.1046626478766943,2,0,13,26,323,0
134,3.5027815022164486,5.927274437808485,1,0,18,185,1159,0
109,32.33768902779498,9.4369908813452,3,0,15,176,72,0
73,43.81537910814112,12.41063889905078,1,0,16,182,171,0
165,27.58977121857407,9.605164294737015,4,0,5,226,1054,0
171,36.63906472207279,10.837900372167148,3,0,16,274,1009,0
0,38.071682093540026,11.949776967478616,1,0,15,242,1468,0
155,28.1837805619286,12.24040082437485,1,0,4,177,772,0
178,29.226197175275075,4.857821512318473,4,0,16,68,705,0
7,36.280339594522665,4.056608353568296,4,0,15,65,975,0
98,36.323681132278026,2.39086475033348,4,0,10,273,202,0
176,25.274270583484313,14.995130758107175,4,0,12,16,1045,0
49,35.459102960642674,12.041110482538544,2,0,5,188,108,0
151,29.53421208522228,7.55454682968227,4,0,12,43,849,0
110,43.431542297583405,0.7777494679368915,2,0,8,198,1325,0
173,10.011305998473219,6.4608892774809235,1,0,19,210,576,0
3,3.2223287166204138,12.172067157599699,4,0,17,247,574,0
100,16.453653043346357,5.66672432705748,1,0,17,33,1166,0
178,38.38240769922815,14.083084591557565,3,0,2,20,468,0
80,1.8077688959658542,9.99012436821333,2,0,12,216,425,0
43,1.1724084978481035,9.260087202028307,4,0,19,115,1211,0
179,30.74515667431209,0.6616911172977922,1,0,6,138,495,0
194,37.41485149936275,8.20206059318797,4,0,16,239,1297,0
66,9.739791009922241,8.688442716659138,1,0,11,238,279,0
27,27.23924588985814,9.411344799847999,3,0,7,177,28,0
176,34.44024397833233,5.612983400803664,1,0,1,23,314,0
160,29.390456360346594,7.123384841577662,3,0,4,253,1485,0
84,37.721158771247616,2.9694663236320658,3,0,17,267,480,0
9463,94.00120970133719,183.52651034057843,14,3,1609,7053,171,1
87,14.118615676168448,10.11405742003034,2,0,10,78,501,0
30,3.3243742000477674,1.5074901444361946,4,0,11,174,102,0
194,32.900267357161226,0.32135622536180647,2,0,13,63,178,0
14185,76.92162983362554,45.137688299101924,37,4,4108,10914,3,1
70,33.21764507773778,12.296284440591995,4,0,14,126,11,0
39,26.385189427172946,12.215265201951574,2,0,3,67,380,0
189,1.2844317427472642,6.597119639791559,4,0,4,85,1111,0
62,4.584851499369443,10.492172881678231,2,0,15,202,189,0
55,3.798463200623084,3.415563558243952,2,0,0,255,1325,0
90,43.13579243599387,2.4206991806963942,3,0,14,239,1146,0
24622,89.89797621131979,238.5871473255637,38,2,684,2794,115,1
49,16.180740956680907,1.486152583639346,3,0,0,241,181,0
187,19.128780513872883,11.657254066357897,4,0,11,53,673,0
175,28.537012579224534,3.30383628340715,4,0,3,234,732,0
2543,94.6605205015391,288.23594026372336,22,9,1770,2808,196,1
117,39.2598114298056,9.660137980844693,4,0,0,30,1298,0
101,30.512002319474437,1.8578870916116834,2,0,11,221,571,0
115,28.968394165914983,7.626943872570391,1,0,18,243,994,0
173,13.24821319315689,5.366814379412844,1,0,16,66,989,0
16195,99.30578943438864,188.6651419118663,18,12,3133,17999,193,1
166,33.05373308928737,13.161418647721916,1,0,8,172,750,0
83,26.09375034436617,4.5116231281182095,4,0,8,278,400,0
16526,90.35315876788152,99.866954267091,48,9,1812,4490,118,1
0,9.587326757620618,9.181974795335547,2,0,8,89,913,0
34,35.312118896442996,3.2846766509304697,1,0,17,105,147,0
4,39.19198204338396,3.4509624053830685,3,0,0,25,1248,0
158,36.495143540782706,11.478115541652297,2,1,3,181,446,0
176,24.40235772622073,3.291226165819844,2,0,0,259,643,0
7,14.883459949177963,9.84011052428568,3,0,4,84,754,0
159,7.255980561043471,1.5779984986818913,2,0,16,239,841,0
57,8.114560344055421,6.166888705123242,2,0,8,72,262,0
170,14.050949214912098,4.89900057221236,4,0,13,260,1344,0
72,12.82709506132872,5.288636531639793,4,0,9,132,402,0
9380,84.70750311011906,64.94785076562292,30,8,201,5690,68,1
16931,97.53369729134151,110.9601018831694,22,12,1880,18398,10,1
0,43.504944201729174,13.069121345518674,1,0,0,213,1226,0
6,16.002326840291495,3.946556698111327,2,0,4,17,145,0
143,30.630468072103035,12.59599160193761,2,0,11,52,326,0
13,30.720065994802724,8.396500932797027,2,0,5,61,136,0
57,16.632494866424594,8.877869166105524,2,0,18,35,1014,0
19,26.003819115825806,7.119544289466533,2,0,1,176,471,0
164,4.991718840904557,6.250169783957025,3,0,3,75,963,0
138,10.245182141369439,14.319754679187183,1,0,12,63,1392,0
119,33.08963122099707,9.221164018254113,4,0,4,243,1322,0
153,27.55526748604932,1.841493532804992,4,0,11,291,6,0
8904,77.2427966247226,147.39681760735897,12,2,320,9754,54,1
13,42.52572081732863,13.044482734995148,2,0,5,83,1041,0
62,36.722109456456714,0.5473013631883111,2,0,9,225,1138,0
175,42.58105884154502,5.954966398371161,2,0,6,234,496,0
27,40.58294953238186,1.922101945590933,2,0,0,226,121,0
42,26.56181671507989,12.344841742887585,1,0,0,198,1211,0
159,38.778404707229924,3.5536751364870374,4,0,14,167,911,0
49,7.620779924263889,3.124604031948839,4,0,6,123,1166,0
144,27.336771701581437,7.107413718104464,4,0,19,91,181,0
51,12.928235165618894,11.220075807279244,1,0,14,229,10,0
144,34.46044267614693,1.8880409692916322,4,0,1,21,1343,0
190,34.051794025977884,11.911280746133196,3,0,17,20,95,0
196,31.99772000211413,13.668126359851819,2,0,12,187,353,0
190,31.56420219132402,0.22592729133066206,2,0,18,292,394,0
93,37.276746774600156,10.591154975497389,2,0,5,207,935,0
41,24.983670165835168,3.502129465240326,1,0,4,31,502,0
155,33.380497880453746,11.650342462479195,1,0,7,184,186,0
25,35.42673573736266,13.41366529412671,4,0,10,128,577,0
9,26.201892174225616,0.5746657616710753,2,0,9,12,82,0
166,30.138214966502094,3.6939809419575425,2,0,7,146,1404,0
97,3.1830324269088477,12.058155147459257,4,0,5,191,987,0
90,38.20247567698466,14.40775964550142,3,0,3,79,1404,0
48,13.276364775303051,11.293969442372413,1,0,14,119,102,0
17290,81.81736974254059,187.6309626492496,26,7,3017,9087,84,1
107,9.840098946162987,12.80990202892009,3,0,15,144,849,0
9060,77.2483053272617,294.412021188332,41,6,2793,10108,70,1
159,43.46067625599676,0.9218331999666034,4,0,1,231,946,0
69,40.94149472060786,6.416947074002603,3,0,18,206,1224,0
62,39.712860909424585,10.116717804995234,4,0,1,91,270,0
5,12.804636818821997,8.698453895213305,3,0,8,94,1249,0
0,18.436199549634825,8.945423433757474,3,1,6,72,129,0
9577,91.54900541259423,32.231867757365755,43,4,2978,15692,72,1
113,18.241812420273142,13.38812114995853,3,1,13,262,438,0
180,34.6024598514141,12.929031437489403,1,0,0,36,537,0
143,12.596265097858224,8.789607912057384,2,0,4,260,2,0
177,18.01951865028272,5.732662827274607,4,0,3,88,341,0
148,33.541571797756674,1.7182502949627396,4,0,18,127,500,0
171,30.084627186882095,6.955529135709551,2,0,6,293,1321,0
53,25.546684077426967,10.796230981855828,2,0,5,172,1018,0
182,41.44515336636391,12.44714043865055,3,0,12,10,338,0
95,30.01847382019389,3.0306595176450757,3,0,3,207,252,0
159,23.004961091371587,2.6519738189269697,4,1,13,267,319,0
15744,75.6868637144593,252.76223592906737,12,14,673,14792,16,1
22,4.163895561923606,11.560883170939327,3,1,14,96,332,0
3250,80.58123490925036,135.52083942627752,7,3,3097,2268,133,1
76,18.296571932613645,6.301633762381485,4,0,18,49,781,0
132,10.34768019660081,10.074239757379287,4,0,19,282,1437,0
118,30.785394451860842,0.8324963544102175,3,0,10,287,742,0
32,10.699624186798433,12.802827238753908,3,0,8,230,971,0
52,5.154431497061162,4.204155528878585,4,1,17,133,1267,0
191,34.298725807705466,8.055952549330515,1,0,11,133,350,0
13324,82.51877613203966,270.44939542820816,12,9,2716,1877,199,1
132,3.253869041789783,1.8310935476771752,2,0,18,260,241,0
20633,78.85430122137191,249.12043771955,22,6,2381,14510,95,1
110,17.43214958583903,3.577604414926092,4,0,11,196,1428,0
120,34.59469712140134,9.802845910220661,2,0,18,161,719,0
31,32.28935994867258,11.74801329634759,3,0,16,35,311,0
186,30.545082541357104,9.643201067818962,2,0,14,43,233,0
21178,84.2896954082482,31.8081857461694,23,4,4519,17891,154,1
148,20.440683011286,8.526806500073166,4,0,2,17,228,0
108,5.336061462169465,2.2090778797185675,1,0,10,220,1031,0
79,36.711588635573555,5.373194441456073,1,0,10,83,445,0
120,21.534058856558023,12.792368451402105,1,0,3,33,1047,0
69,28.71210879512714,8.96619053936404,2,0,10,148,1267,0
50,19.089600243412686,10.436745350605095,1,1,10,133,388,0
188,35.0557838409364,1.7115892483042143,4,0,2,94,31,0
136,37.634918026349766,0.17933043950885746,2,0,7,237,1154,0
129,17.59037296407475,9.281741348943598,4,0,11,78,150,0
153,4.936817403657038,10.618455603903138,2,0,7,229,438,0
187,34.68405702269788,10.39016815456088,3,0,15,288,821,0
15,10.059041673730373,11.356870389511803,3,0,5,78,962,0
45,21.595038386308765,9.708355047102929,1,0,6,280,244,0
29,19.08899034777334,9.249951995837955,2,1,5,183,239,0
97,16.53652711328914,11.013573974092573,1,0,16,32,534,0
161,31.876484050599316,2.7237303903634236,3,0,11,42,354,0
66,14.380163982736489,9.550364536427907,4,0,12,230,1197,0
63,7.897458860672129,4.588263646127963,1,0,9,226,1246,0
126,33.6289087725405,3.0625451012685514,2,0,4,232,344,0
197,26.935975537326676,5.113110242080901,1,0,17,232,971,0
52,33.731828241294686,6.54270576675784,3,0,1,44,1245,0
35,30.248525016077235,2.161840581874584,4,0,12,293,1492,0
150,30.38146603053873,0.5887181267257506,1,0,8,115,1082,0
151,34.523155352609294,2.0495511840974148,1,0,7,57,1005,0
11,17.84466936981115,0.27529990606826554,4,0,2,28,1252,0
108,36.946851919960814,3.3964435151195866,3,1,12,85,287,0
4,26.18186816772337,5.714849859140868,4,0,12,197,1369,0
104,12.540070159859335,0.47803517183050237,4,1,7,155,451,0
4,11.509187057758705,8.895456169158434,1,0,14,31,1264,0
60,38.05527657261677,2.1866677008000126,3,0,15,131,1444,0
62,27.112300839007847,4.408977964291458,2,0,2,130,329,0
83,38.73134674108464,4.5169667992130185,2,0,7,81,1354,0
12870,97.80904596282414,35.97412750583242,42,10,1889,19586,2,1
54,28.63334044105963,7.598102346253152,3,0,16,192,770,0
12,14.889413171218903,9.301603966823315,2,0,12,203,447,0
197,27.560036824612503,2.9106204717187154,3,0,5,120,342,0
180,5.953980527284557,1.2338898358135373,3,0,9,12,1200,0
114,21.926232440168366,2.7789874210766237,3,0,5,268,926,0
25,19.537238791868045,1.5042216894274318,1,0,7,31,1226,0
13,8.314091930272983,7.070255939356354,1,0,1,192,246,0
91,26.36797955785016,1.468570024715095,4,1,16,113,48,0
4,11.28776465609482,11.806432368972397,3,0,14,112,309,0
119,26.467497198525383,6.648665928668521,3,0,7,127,682,0
91,32.726405079506364,6.541775108192113,4,0,1,93,1100,0
24703,95.42819809693808,258.15681119889155,20,6,4799,13549,129,1
195,38.07151836747927,2.566475861138604,1,0,1,212,1104,0
32,15.848990011370763,8.410694910561121,2,0,10,169,585,0
11418,73.80389794560203,153.5489255169031,31,6,2800,5493,195,1
195,31.319856764922104,1.4564410926870819,3,0,9,37,851,0
169,35.47406611386799,11.794756452478135,2,0,8,104,160,0
88,19.35522827493089,3.041315632585084,4,0,8,83,599,0
154,41.51254461507596,6.004085467564448,1,0,19,86,463,0
198,7.766483042581513,0.7076967001892197,4,0,12,63,956,0
171,14.630665805200366,12.769733851548223,4,0,10,209,1038,0
188,12.863720385756043,6.475255771309569,3,0,1,124,227,0
139,6.579279161577442,8.483546383102507,3,0,15,109,784,0
153,24.067207703660415,11.386896359995738,3,0,5,121,996,0
170,22.682379218058053,2.825117207705069,4,0,13,71,787,0
143,9.578908795612726,13.160751312751891,1,0,1,128,1427,0
125,36.68114847759487,7.907498195223541,1,0,12,90,988,0
63,20.79137559099486,14.79101733351424,1,0,4,177,1106,0
165,5.063863236900655,1.9744548115561646,2,0,14,291,1080,0
